ID,NOMBRE,APELLIDO,VACIO, 0
1,Eric,Knight
2,Annie,Castillo
3,Johnny,Dunn
4,Lawrence,Payne
5,Sara,Duncan
6,Alan,Webb
7,Joan,Payne
8,Jason,Perez
9,Gary,Sanchez
10,Louise,Davis
11,Keith,Lynch
12,Irene,Cook
13,Henry,Jordan
14,Albert,Sanchez
15,Kathy,Arnold
16,Thomas,Hill
17,Roy,Gardner
18,Patricia,Mason
19,Samuel,Chapman
20,Phillip,Gardner
21,Diana,Young
22,Thomas,Burton
23,Samuel,Carter
24,Annie,Ellis
25,Amanda,Myers
26,Bonnie,Bailey
27,Keith,Hicks
28,Scott,Peters
29,Henry,Bailey
30,Arthur,Gray
31,Tammy,Williamson
32,Stephen,Hayes
33,Betty,Mason
34,Robert,Green
35,Gregory,Hudson
36,Gregory,Hart
37,Roger,Matthews
38,Billy,Riley
39,Evelyn,Rivera
40,Gerald,Alvarez
41,Judy,Wagner
42,Jack,Davis
43,Walter,Kelly
44,Stephen,George
45,Terry,Powell
46,Wanda,Johnson
47,Brandon,Foster
48,Cheryl,Jones
49,Louis,Little
50,Benjamin,Nguyen
51,Brenda,Young
52,Bruce,Stewart
53,Joan,Price
54,Paul,George
55,Jeremy,Hicks
56,Stephen,Davis
57,Joan,Larson
58,Gloria,Robinson
59,Bonnie,Reynolds
60,Keith,Evans
61,Carlos,Hall
62,Nancy,Burton
63,Frank,Webb
64,Mildred,Meyer
65,Barbara,Gray
66,Lawrence,Torres
67,Brian,Hicks
68,Kelly,Gardner
69,Andrew,Hawkins
70,Roger,Lane
71,Matthew,Campbell
72,Melissa,Black
73,Todd,Palmer
74,Terry,Hansen
75,Billy,Collins
76,Antonio,Reyes
77,Margaret,Wells
78,Wayne,Johnston
79,Amanda,Lawrence
80,Lois,Gordon
81,Phyllis,Brooks
82,Benjamin,Fox
83,Christine,Parker
84,Aaron,Ross
85,Evelyn,Nelson
86,Christopher,Wood
87,Marilyn,Rice
88,Kevin,Webb
89,Antonio,Greene
90,Denise,Black
91,Sarah,Robertson
92,Wayne,Shaw
93,Jack,Campbell
94,Christina,Bennett
95,Janice,Simmons
96,Thomas,Warren
97,Wayne,Sullivan
98,Roger,Washington
99,Victor,Carpenter
100,Kathryn,Hunter
101,Louise,Hernandez
102,Martha,Lee
103,Steven,Weaver
104,Henry,Diaz
105,Jason,Chapman
106,Elizabeth,Hunt
107,Elizabeth,Torres
108,Frances,Grant
109,Judy,Stanley
110,Phyllis,Lawson
111,Sandra,Hill
112,Heather,Gonzales
113,Judy,Burke
114,Martha,Rivera
115,Carolyn,Gray
116,Barbara,Fowler
117,Shawn,Kelly
118,Kevin,Jordan
119,Anthony,Schmidt
120,Jeffrey,Richards
121,Roy,Lane
122,Stephanie,Hayes
123,Melissa,Hansen
124,Rachel,Hanson
125,Jeremy,Spencer
126,Christina,Fuller
127,Stephen,Mcdonald
128,Paul,Richards
129,Tammy,Lynch
130,Gary,Harrison
131,Louis,Edwards
132,Antonio,Harrison
133,Martha,Hamilton
134,Edward,Porter
135,Julie,Bailey
136,Katherine,King
137,Earl,Hansen
138,Kimberly,Ferguson
139,Andrew,Payne
140,Helen,Moore
141,Jesse,Ferguson
142,Stephanie,Fowler
143,James,Taylor
144,Roy,Lynch
145,Janet,Walker
146,Brenda,West
147,Nicole,Allen
148,Mildred,Mason
149,Mark,Lewis
150,Irene,Duncan
151,Christina,Martinez
152,Tammy,Evans
153,Joe,Washington
154,Lois,Knight
155,Edward,Williamson
156,Kimberly,Lawrence
157,Patrick,Young
158,Jean,Vasquez
159,Alice,Sanders
160,Kathleen,Morales
161,Joyce,Mccoy
162,Shawn,Chavez
163,Joseph,Schmidt
164,Robin,Rogers
165,Lois,Austin
166,Wanda,Gutierrez
167,Chris,Collins
168,Mary,Hicks
169,Timothy,Moore
170,Jonathan,Nichols
171,Albert,Nelson
172,Jane,Hanson
173,Tina,Reed
174,Elizabeth,Miller
175,Patricia,Hamilton
176,Peter,Berry
177,Stephen,Howard
178,Bruce,Burns
179,Jose,Murray
180,Jimmy,Lynch
181,David,Burke
182,Stephanie,Gray
183,Lois,Rivera
184,Christine,Palmer
185,Roy,Holmes
186,Ronald,Scott
187,Andrea,Hunter
188,Janice,Dixon
189,Beverly,Watkins
190,Diane,Knight
191,Heather,Cox
192,Steve,Ryan
193,Lillian,Boyd
194,Roy,Myers
195,Brandon,Moreno
196,Roger,Arnold
197,Harry,Allen
198,Janet,Pierce
199,Douglas,Lee
200,Michelle,James
201,Patricia,Hanson
202,Mildred,Henderson
203,Jacqueline,Chavez
204,Patrick,Jones
205,Angela,Rose
206,Marilyn,Meyer
207,Michelle,Dunn
208,Charles,Mills
209,Benjamin,Howard
210,Heather,Campbell
211,Evelyn,Vasquez
212,Nicole,Perkins
213,William,Tucker
214,Todd,Kennedy
215,Deborah,Smith
216,Justin,Simpson
217,Sara,Lawrence
218,Cheryl,Jacobs
219,Gloria,Richards
220,Emily,Edwards
221,Brandon,Howard
222,Shirley,Freeman
223,Adam,Nichols
224,Kathy,Butler
225,Lisa,Andrews
226,Arthur,Hunter
227,Nicholas,Price
228,Elizabeth,Wagner
229,George,Barnes
230,Barbara,Welch
231,Walter,Rodriguez
232,George,Harper
233,Jacqueline,Jacobs
234,James,Cruz
235,Douglas,Stephens
236,Evelyn,Bradley
237,Walter,Anderson
238,Shirley,Perkins
239,Carlos,Patterson
240,Bruce,Clark
241,Diane,Stewart
242,Willie,Patterson
243,Phyllis,Hudson
244,Eugene,Gibson
245,Carolyn,Powell
246,Jack,Fox
247,Shirley,Cruz
248,Phyllis,Fowler
249,Marilyn,Burton
250,Dorothy,Garrett
251,Donna,Armstrong
252,Aaron,Smith
253,Kevin,Snyder
254,Teresa,Reyes
255,Cheryl,Sullivan
256,Dorothy,Ford
257,Raymond,Boyd
258,Helen,Mendoza
259,Virginia,Oliver
260,Andrew,Wells
261,Wayne,Bailey
262,Jerry,Wheeler
263,Carl,Cook
264,Maria,Dixon
265,Brian,Andrews
266,Roy,Diaz
267,Larry,Alexander
268,Douglas,Armstrong
269,Michael,Graham
270,Randy,George
271,Donald,Bryant
272,Kelly,Jenkins
273,Judith,Jordan
274,Julie,Lopez
275,Martha,Dean
276,David,Kelley
277,Nicholas,Clark
278,Jimmy,Matthews
279,Kathleen,Hall
280,Linda,Arnold
281,Nicole,Austin
282,Ryan,Hudson
283,Judy,Williamson
284,Carol,Fox
285,Emily,Young
286,Beverly,Hughes
287,Joyce,Grant
288,Jean,Richardson
289,Juan,Harper
290,Sara,Williams
291,Anna,Grant
292,Doris,Carr
293,Albert,Frazier
294,Joan,Morgan
295,Carl,Snyder
296,Susan,George
297,Rebecca,Woods
298,Frank,Castillo
299,Billy,Gonzalez
300,Kenneth,Brooks
