910,xÓ?,,778333539
6649957, ?,,538976288
538976288,                           Knight,                             ,1162694472
1447645764,E=C:,\Users\capacita_mecon\AppData\Local,1852337994
1426094446,MBER_OF_PROCESSORS=4,m Files\CodeBlocks\MinGW\bin;C:\Program Files,134263654
4,Lawrence,Payne,1
865838587,f≥,D;.VBS;.Duncan,1381323843
947404101,,ing 1, AuthenticWebb,1313818963
808465213,1,m Files,1818585171
829840492,.0\Modules\,ole,1094933619
1229144400,~1\AppData\Local\Temp,\Local\Temp,1852793701
1163089152,RPROFILE=C:\Users\capacita_mecon,ise,1600613888
1718054764,ile=C:\BVTBin\Tests\installpackage\csilo,,0
0,,,0
32,, ,538976288
538976288,,,1111556096
1178944579,GHIJKLMNOPQRSTUVWXYZ,ä,-219025169
-151653133,,
H?,4135871
4136085,”?,,1919381362
1631874401,ta,CommonProgramFiles=C:\Program Files\Common Files,1380275285
1162690894,=PC1127076,_OPTIONS=                                                                                                                                                                                                                                                                                                                                                                                                                                                                                                                               ,538976288
538976288,                                                                                                                                                                                                                                                                                                                                                                                                                                                                           ,                                                                                                                                                                                                                                                                                                                                                                                                                        ,538976288
538976288,                                                                                                                                                                                                                                                                                                                                                           ,                                                                                                                                                                                                                                                                                                        ,538976288
538976288,                                                                                                                                                                                                                                           ,                                                                                                                                                                                        ,538976288
538976288,                                                                                                                           ,                                                                        ,538976288
538976288,           ,TH=\Users\capacita_mecon,1834967412
1852793701,\AppData\Local,CESSORS=4,1801678700
1766677619,nGW\bin;C:\Program Files\CodeBlocks\MinGW;C:\ProgramData\Oracle\Java\javapath;C:\Windows\System32;C:\Windows;C:\Windows\System32\wbem;C:\Windows\System32\WindowsPowerShell\v1.0,mData\Oracle\Java\javapath;C:\Windows\System32;C:\Windows;C:\Windows\System32\wbem;C:\Windows\System32\WindowsPowerShell\v1.0,1937207140
1547322171,Windows\System32\wbem;C:\Windows\System32\WindowsPowerShell\v1.0,werShell\v1.0,775639882
994399050,.WSF;.WSH;.MSC,_IDENTIFIER=x86 Family 21 Model 48 Stepping 1, AuthenticAMD,1097034100
1342194765,ROCESSOR_LEVEL=21,ta=C:\ProgramData,1348824181
1030255713,C:\Windows\system32\WindowsPowerShell\v1.0\Modules\,,1128097142
2035482682,stemRoot=C:\Windows,Local\Temp,1146242387
1229016399,N=SERVIDORES,\Users\capacita_mecon,7567215
1684957559,ows_tracing_flags=3,in\Tests\installpackage\csilogfile.log,4205536
0,,,0
0,,w,0
0,,,0
0,,,0
0,,,0
0,,,0
0,,,0
0,,,0
0,,,0
0,,,0
0,,,0
0,,,0
0,,,0
0,,,0
0,,,0
0,,,0
0,,,0
0,,,0
0,,,0
0,,,778333539
543520869,/c cls,Kathy,PorïODfa,744975983
1146035339,
8,Ä ,744780385
1936483662,on,true
860,Jean,Medina,falsΩOD1,,62,Linda,Gilbert,false
86≥ODnn,1277983085
1936291685,,true
865,Ka©ODHo,7,Mary,GiØOD,f,1768713285
1146035365,tr,ÄJ,1869832522
1632119918,wkins,false
875,Judith,Austi◊ODls,t,true
877,Steven,CarrollÕODe
,926419557
1632447545,rie,Simmons,√ODe
,Green,fal˘OD82,1818322476
1146035455,84,Ät,1920216174
940205429,89,Chris,Washington,false
89·ODch,91,Diana,Peters,true
892,ÁODn,,1635013420
2036690030,,true
894,AlOD,O,alse
896,ODey,1210857529
1146035209,,R,Äû,1294742320
1701409377,,Wells,false
904,Debra,Simps;ODal,hes,true
906,Denise,Edwar1ODru,1936482662
809044581,8,Bobby,Reed7ODse,sa,Howard-ODe
,1949071730
1146035235,91,Ä»,1634485036
1714187122,alse
918,Marie,Jenkins,falseUOD,J,ue
920,Diana,Perry,true
9KODau,1852404851
1818314796,l,false
923,AODia,
925,AaroGODmo,1819048296
1146035325,ut,ÄÚ,174421362
741487417,Sean,Gibson,true
933,Joseph,oODma,ine,Peterson,true
935,Sean,Shaw,tı§ö=i≤,1920216180
956982645,37,Clarence,Lane,true
938,Andrea,Hughes,false
939,Kathryn,Duncan,false
940,Jeffrey,Fuller,false
941,Sara,Russell,true
942,Steven,Ross,true
943,Anna,Burton,true
944,Sean,Ramirez,false
945,Brian,Matthews,true
946,Patrick,Henry,false
947,Barbara,Lawrence,false
948,Kathleen,Gomez,false
949,Janice,Johnston,false
950,Ruth,Hawkins,true
951,Margaret,Berry,false
952,Pamela,Butler,false
953,Helen,Cook,false
954,Jerry,Rivera,false
955,Anne,Cox,true
956,Marie,Rose,true
957,Kathy,Bryant,false
958,Matthew,Brown,false
959,Jacqueline,Ryan,true
960,Emily,Fernandez,false
961,Robert,Walker,false
962,Brenda,George,false
963,Sandra,Hart,false
964,William,Dean,true
965,Alice,Hudson,true
966,Pamela,Diaz,false
967,Paula,Wells,true
968,Lisa,Porter,false
969,Clarence,Elliott,true
970,Martha,Roberts,false
971,Janet,Burton,false
972,Janice,Perkins,true
973,Joseph,Freeman,false
974,Anne,Burton,true
975,Nancy,Shaw,true
976,Jonathan,Chavez,false
977,Donna,Johnson,false
978,Beverly,Cook,false
979,Billy,Hawkins,false
980,Jean,Mitchell,false
981,Ernest,Welch,false
982,Katherine,Sanchez,false
983,Betty,Ramirez,false
984,Raymond,Richards,true
985,Jesse,Bradley,false
986,Dorothy,Stevens,false
987,Deborah,Cruz,true
988,Paul,Crawford,false
989,Gary,Austin,true
990,Ernest,Gibson,false
991,Richard,Ellis,false
992,Eric,Long,false
993,Henry,Sims,false
994,Debra,Rogers,true
995,Patricia,Johnston,false
996,Jennifer,Cox,false
997,Christina,Price,true
998,Christopher,Ford,false
999,Angela,Arnold,true
1000,Mary,Elliott,true
95,Patricia,Johnston,false
996,Jennifer,Cox,false
997,Christina,Price,true
998,Christopher,Ford,false
999,Angela,Arnold,true
1000,Mary,Elliott,true
Carlos,Hill,true
840,Nicholas,Tucker,true
841,Michelle,Cooper,true
842,Norma,Stanley,true
843,Kevin,Duncan,true
844,Betty,Carpenter,true
845,Walter,Burke,true
846,David,Cooper,false
847,Christina,Howell,t841,Michelle,Cooper,true
842,Norma,Stanley,true
843,Kevin,Duncan,true
844,Betty,Carpenter,true
845,Walter,Burke,true
846,David,Cooper,false
847,Christina,Howell,t˚•õ3h≤,athryn,Duncan,false
940,Jeffrey,Fuller,false
941,Sara,Russell,true
942,Steven,Ross,true
943,Anna,Burton,true
944,Sean,Ramirez,false
945,Brian,Matthews,true
946,Patrick,Henry,false
947,Barbara,Lawrence,false
948,Kathleen,Gomez,false
949,Janice,Johnston,false
950,Ruth,Hawkins,true
951,Margaret,Berry,false
952,Pamela,Butler,false
953,Helen,Cook,false
954,Jerry,Rivera,false
955,Anne,Cox,true
956,Marie,Rose,true
957,Kathy,Bryant,false
958,Matthew,Brown,false
959,Jacqueline,Ryan,true
960,Emily,Fernandez,false
961,Robert,Walker,false
962,Brenda,George,false
963,Sandra,Hart,false
964,William,Dean,true
965,Alice,Hudson,true
966,Pamela,Diaz,false
967,Paula,Wells,true
968,Lisa,Porter,false
969,Clarence,Elliott,true
970,Martha,Roberts,false
971,Janet,Burton,false
972,Janice,Perkins,true
973,Joseph,Freeman,false
974,Anne,Burton,true
975,Nancy,Shaw,true
976,Jonathan,Chavez,false
977,Donna,Johnson,false
978,Beverly,Cook,false
979,Billy,Hawkins,false
980,Jean,Mitchell,false
981,Ernest,Welch,false
982,Katherine,Sanchez,false
983,Betty,Ramirez,false
984,Raymond,Richards,true
985,Jesse,Bradley,false
986,Dorothy,Stevens,false
987,Deborah,Cruz,true
988,Paul,Crawford,false
989,Gary,Austin,true
990,Ernest,Gibson,false
991,Richard,Ellis,false
992,Eric,Long,false
993,Henry,Sims,false
994,Debra,Rogers,true
995,Patricia,Johnston,false
996,Jennifer,Cox,false
997,Christina,Price,true
998,Christopher,Ford,false
999,Angela,Arnold,true
1000,Mary,Elliott,true
95,Patricia,Johnston,false
996,Jennifer,Cox,false
997,Christina,Price,true
998,Christopher,Ford,false
999,Angela,Arnold,true
1000,Mary,Elliott,true
Carlos,Hill,true
840,Nicholas,Tucker,true
841,Michelle,Cooper,true
842,Norma,Stanley,true
843,Kevin,Duncan,true
844,Betty,Carpenter,true
845,Walter,Burke,true
846,David,Cooper,false
847,Christina,Howell,t841,Michelle,Cooper,true
842,Norma,Stanley,true
843,Kevin,Duncan,true
844,Betty,Carpenter,true
845,Walter,Burke,true
846,David,Cooper,false
847,Christina,Howell,t˚•õ3h≤,1937068588
1819043187,,true
942,Steven,Ross,true
943,Anna,Burton,true
944,Sean,Ramirez,false
945,Brian,Matthews,true
946,Patrick,Henry,false
947,Barbara,Lawrence,false
948,Kathleen,Gomez,false
949,Janice,Johnston,false
950,Ruth,Hawkins,true
951,Margaret,Berry,false
952,Pamela,Butler,false
953,Helen,Cook,false
954,Jerry,Rivera,false
955,Anne,Cox,true
956,Marie,Rose,true
957,Kathy,Bryant,false
958,Matthew,Brown,false
959,Jacqueline,Ryan,true
960,Emily,Fernandez,false
961,Robert,Walker,false
962,Brenda,George,false
963,Sandra,Hart,false
964,William,Dean,true
965,Alice,Hudson,true
966,Pamela,Diaz,false
967,Paula,Wells,true
968,Lisa,Porter,false
969,Clarence,Elliott,true
970,Martha,Roberts,false
971,Janet,Burton,false
972,Janice,Perkins,true
973,Joseph,Freeman,false
974,Anne,Burton,true
975,Nancy,Shaw,true
976,Jonathan,Chavez,false
977,Donna,Johnson,false
978,Beverly,Cook,false
979,Billy,Hawkins,false
980,Jean,Mitchell,false
981,Ernest,Welch,false
982,Katherine,Sanchez,false
983,Betty,Ramirez,false
984,Raymond,Richards,true
985,Jesse,Bradley,false
986,Dorothy,Stevens,false
987,Deborah,Cruz,true
988,Paul,Crawford,false
989,Gary,Austin,true
990,Ernest,Gibson,false
991,Richard,Ellis,false
992,Eric,Long,false
993,Henry,Sims,false
994,Debra,Rogers,true
995,Patricia,Johnston,false
996,Jennifer,Cox,false
997,Christina,Price,true
998,Christopher,Ford,false
999,Angela,Arnold,true
1000,Mary,Elliott,true
95,Patricia,Johnston,false
996,Jennifer,Cox,false
997,Christina,Price,true
998,Christopher,Ford,false
999,Angela,Arnold,true
1000,Mary,Elliott,true
Carlos,Hill,true
840,Nicholas,Tucker,true
841,Michelle,Cooper,true
842,Norma,Stanley,true
843,Kevin,Duncan,true
844,Betty,Carpenter,true
845,Walter,Burke,true
846,David,Cooper,false
847,Christina,Howell,t841,Michelle,Cooper,true
842,Norma,Stanley,true
843,Kevin,Duncan,true
844,Betty,Carpenter,true
845,Walter,Burke,true
846,David,Cooper,false
847,Christina,Howell,t˚•õ3h≤,,Sean,Ramirez,false
945,Brian,Matthews,true
946,Patrick,Henry,false
947,Barbara,Lawrence,false
948,Kathleen,Gomez,false
949,Janice,Johnston,false
950,Ruth,Hawkins,true
951,Margaret,Berry,false
952,Pamela,Butler,false
953,Helen,Cook,false
954,Jerry,Rivera,false
955,Anne,Cox,true
956,Marie,Rose,true
957,Kathy,Bryant,false
958,Matthew,Brown,false
959,Jacqueline,Ryan,true
960,Emily,Fernandez,false
961,Robert,Walker,false
962,Brenda,George,false
963,Sandra,Hart,false
964,William,Dean,true
965,Alice,Hudson,true
966,Pamela,Diaz,false
967,Paula,Wells,true
968,Lisa,Porter,false
969,Clarence,Elliott,true
970,Martha,Roberts,false
971,Janet,Burton,false
972,Janice,Perkins,true
973,Joseph,Freeman,false
974,Anne,Burton,true
975,Nancy,Shaw,true
976,Jonathan,Chavez,false
977,Donna,Johnson,false
978,Beverly,Cook,false
979,Billy,Hawkins,false
980,Jean,Mitchell,false
981,Ernest,Welch,false
982,Katherine,Sanchez,false
983,Betty,Ramirez,false
984,Raymond,Richards,true
985,Jesse,Bradley,false
986,Dorothy,Stevens,false
987,Deborah,Cruz,true
988,Paul,Crawford,false
989,Gary,Austin,true
990,Ernest,Gibson,false
991,Richard,Ellis,false
992,Eric,Long,false
993,Henry,Sims,false
994,Debra,Rogers,true
995,Patricia,Johnston,false
996,Jennifer,Cox,false
997,Christina,Price,true
998,Christopher,Ford,false
999,Angela,Arnold,true
1000,Mary,Elliott,true
95,Patricia,Johnston,false
996,Jennifer,Cox,false
997,Christina,Price,true
998,Christopher,Ford,false
999,Angela,Arnold,true
1000,Mary,Elliott,true
Carlos,Hill,true
840,Nicholas,Tucker,true
841,Michelle,Cooper,true
842,Norma,Stanley,true
843,Kevin,Duncan,true
844,Betty,Carpenter,true
845,Walter,Burke,true
846,David,Cooper,false
847,Christina,Howell,t841,Michelle,Cooper,true
842,Norma,Stanley,true
843,Kevin,Duncan,true
844,Betty,Carpenter,true
845,Walter,Burke,true
846,David,Cooper,false
847,Christina,Howell,t˚•õ3h≤,1210870627
2037542501,,false
947,Barbara,Lawrence,false
948,Kathleen,Gomez,false
949,Janice,Johnston,false
950,Ruth,Hawkins,true
951,Margaret,Berry,false
952,Pamela,Butler,false
953,Helen,Cook,false
954,Jerry,Rivera,false
955,Anne,Cox,true
956,Marie,Rose,true
957,Kathy,Bryant,false
958,Matthew,Brown,false
959,Jacqueline,Ryan,true
960,Emily,Fernandez,false
961,Robert,Walker,false
962,Brenda,George,false
963,Sandra,Hart,false
964,William,Dean,true
965,Alice,Hudson,true
966,Pamela,Diaz,false
967,Paula,Wells,true
968,Lisa,Porter,false
969,Clarence,Elliott,true
970,Martha,Roberts,false
971,Janet,Burton,false
972,Janice,Perkins,true
973,Joseph,Freeman,false
974,Anne,Burton,true
975,Nancy,Shaw,true
976,Jonathan,Chavez,false
977,Donna,Johnson,false
978,Beverly,Cook,false
979,Billy,Hawkins,false
980,Jean,Mitchell,false
981,Ernest,Welch,false
982,Katherine,Sanchez,false
983,Betty,Ramirez,false
984,Raymond,Richards,true
985,Jesse,Bradley,false
986,Dorothy,Stevens,false
987,Deborah,Cruz,true
988,Paul,Crawford,false
989,Gary,Austin,true
990,Ernest,Gibson,false
991,Richard,Ellis,false
992,Eric,Long,false
993,Henry,Sims,false
994,Debra,Rogers,true
995,Patricia,Johnston,false
996,Jennifer,Cox,false
997,Christina,Price,true
998,Christopher,Ford,false
999,Angela,Arnold,true
1000,Mary,Elliott,true
95,Patricia,Johnston,false
996,Jennifer,Cox,false
997,Christina,Price,true
998,Christopher,Ford,false
999,Angela,Arnold,true
1000,Mary,Elliott,true
Carlos,Hill,true
840,Nicholas,Tucker,true
841,Michelle,Cooper,true
842,Norma,Stanley,true
843,Kevin,Duncan,true
844,Betty,Carpenter,true
845,Walter,Burke,true
846,David,Cooper,false
847,Christina,Howell,t841,Michelle,Cooper,true
842,Norma,Stanley,true
843,Kevin,Duncan,true
844,Betty,Carpenter,true
845,Walter,Burke,true
846,David,Cooper,false
847,Christina,Howell,t˚•õ3h≤,z,false
949,Janice,Johnston,false
950,Ruth,Hawkins,true
951,Margaret,Berry,false
952,Pamela,Butler,false
953,Helen,Cook,false
954,Jerry,Rivera,false
955,Anne,Cox,true
956,Marie,Rose,true
957,Kathy,Bryant,false
958,Matthew,Brown,false
959,Jacqueline,Ryan,true
960,Emily,Fernandez,false
961,Robert,Walker,false
962,Brenda,George,false
963,Sandra,Hart,false
964,William,Dean,true
965,Alice,Hudson,true
966,Pamela,Diaz,false
967,Paula,Wells,true
968,Lisa,Porter,false
969,Clarence,Elliott,true
970,Martha,Roberts,false
971,Janet,Burton,false
972,Janice,Perkins,true
973,Joseph,Freeman,false
974,Anne,Burton,true
975,Nancy,Shaw,true
976,Jonathan,Chavez,false
977,Donna,Johnson,false
978,Beverly,Cook,false
979,Billy,Hawkins,false
980,Jean,Mitchell,false
981,Ernest,Welch,false
982,Katherine,Sanchez,false
983,Betty,Ramirez,false
984,Raymond,Richards,true
985,Jesse,Bradley,false
986,Dorothy,Stevens,false
987,Deborah,Cruz,true
988,Paul,Crawford,false
989,Gary,Austin,true
990,Ernest,Gibson,false
991,Richard,Ellis,false
992,Eric,Long,false
993,Henry,Sims,false
994,Debra,Rogers,true
995,Patricia,Johnston,false
996,Jennifer,Cox,false
997,Christina,Price,true
998,Christopher,Ford,false
999,Angela,Arnold,true
1000,Mary,Elliott,true
95,Patricia,Johnston,false
996,Jennifer,Cox,false
997,Christina,Price,true
998,Christopher,Ford,false
999,Angela,Arnold,true
1000,Mary,Elliott,true
Carlos,Hill,true
840,Nicholas,Tucker,true
841,Michelle,Cooper,true
842,Norma,Stanley,true
843,Kevin,Duncan,true
844,Betty,Carpenter,true
845,Walter,Burke,true
846,David,Cooper,false
847,Christina,Howell,t841,Michelle,Cooper,true
842,Norma,Stanley,true
843,Kevin,Duncan,true
844,Betty,Carpenter,true
845,Walter,Burke,true
846,David,Cooper,false
847,Christina,Howell,t˚•õ3h≤,956982645
1294741813,argaret,Berry,false
952,Pamela,Butler,false
953,Helen,Cook,false
954,Jerry,Rivera,false
955,Anne,Cox,true
956,Marie,Rose,true
957,Kathy,Bryant,false
958,Matthew,Brown,false
959,Jacqueline,Ryan,true
960,Emily,Fernandez,false
961,Robert,Walker,false
962,Brenda,George,false
963,Sandra,Hart,false
964,William,Dean,true
965,Alice,Hudson,true
966,Pamela,Diaz,false
967,Paula,Wells,true
968,Lisa,Porter,false
969,Clarence,Elliott,true
970,Martha,Roberts,false
971,Janet,Burton,false
972,Janice,Perkins,true
973,Joseph,Freeman,false
974,Anne,Burton,true
975,Nancy,Shaw,true
976,Jonathan,Chavez,false
977,Donna,Johnson,false
978,Beverly,Cook,false
979,Billy,Hawkins,false
980,Jean,Mitchell,false
981,Ernest,Welch,false
982,Katherine,Sanchez,false
983,Betty,Ramirez,false
984,Raymond,Richards,true
985,Jesse,Bradley,false
986,Dorothy,Stevens,false
987,Deborah,Cruz,true
988,Paul,Crawford,false
989,Gary,Austin,true
990,Ernest,Gibson,false
991,Richard,Ellis,false
992,Eric,Long,false
993,Henry,Sims,false
994,Debra,Rogers,true
995,Patricia,Johnston,false
996,Jennifer,Cox,false
997,Christina,Price,true
998,Christopher,Ford,false
999,Angela,Arnold,true
1000,Mary,Elliott,true
95,Patricia,Johnston,false
996,Jennifer,Cox,false
997,Christina,Price,true
998,Christopher,Ford,false
999,Angela,Arnold,true
1000,Mary,Elliott,true
Carlos,Hill,true
840,Nicholas,Tucker,true
841,Michelle,Cooper,true
842,Norma,Stanley,true
843,Kevin,Duncan,true
844,Betty,Carpenter,true
845,Walter,Burke,true
846,David,Cooper,false
847,Christina,Howell,t841,Michelle,Cooper,true
842,Norma,Stanley,true
843,Kevin,Duncan,true
844,Betty,Carpenter,true
845,Walter,Burke,true
846,David,Cooper,false
847,Christina,Howell,t˚•õ3h≤,en,Cook,false
954,Jerry,Rivera,false
955,Anne,Cox,true
956,Marie,Rose,true
957,Kathy,Bryant,false
958,Matthew,Brown,false
959,Jacqueline,Ryan,true
960,Emily,Fernandez,false
961,Robert,Walker,false
962,Brenda,George,false
963,Sandra,Hart,false
964,William,Dean,true
965,Alice,Hudson,true
966,Pamela,Diaz,false
967,Paula,Wells,true
968,Lisa,Porter,false
969,Clarence,Elliott,true
970,Martha,Roberts,false
971,Janet,Burton,false
972,Janice,Perkins,true
973,Joseph,Freeman,false
974,Anne,Burton,true
975,Nancy,Shaw,true
976,Jonathan,Chavez,false
977,Donna,Johnson,false
978,Beverly,Cook,false
979,Billy,Hawkins,false
980,Jean,Mitchell,false
981,Ernest,Welch,false
982,Katherine,Sanchez,false
983,Betty,Ramirez,false
984,Raymond,Richards,true
985,Jesse,Bradley,false
986,Dorothy,Stevens,false
987,Deborah,Cruz,true
988,Paul,Crawford,false
989,Gary,Austin,true
990,Ernest,Gibson,false
991,Richard,Ellis,false
992,Eric,Long,false
993,Henry,Sims,false
994,Debra,Rogers,true
995,Patricia,Johnston,false
996,Jennifer,Cox,false
997,Christina,Price,true
998,Christopher,Ford,false
999,Angela,Arnold,true
1000,Mary,Elliott,true
95,Patricia,Johnston,false
996,Jennifer,Cox,false
997,Christina,Price,true
998,Christopher,Ford,false
999,Angela,Arnold,true
1000,Mary,Elliott,true
Carlos,Hill,true
840,Nicholas,Tucker,true
841,Michelle,Cooper,true
842,Norma,Stanley,true
843,Kevin,Duncan,true
844,Betty,Carpenter,true
845,Walter,Burke,true
846,David,Cooper,false
847,Christina,Howell,t841,Michelle,Cooper,true
842,Norma,Stanley,true
843,Kevin,Duncan,true
844,Betty,Carpenter,true
845,Walter,Burke,true
846,David,Cooper,false
847,Christina,Howell,t˚•õ3h≤,892930661
1632447542,rie,Rose,true
957,Kathy,Bryant,false
958,Matthew,Brown,false
959,Jacqueline,Ryan,true
960,Emily,Fernandez,false
961,Robert,Walker,false
962,Brenda,George,false
963,Sandra,Hart,false
964,William,Dean,true
965,Alice,Hudson,true
966,Pamela,Diaz,false
967,Paula,Wells,true
968,Lisa,Porter,false
969,Clarence,Elliott,true
970,Martha,Roberts,false
971,Janet,Burton,false
972,Janice,Perkins,true
973,Joseph,Freeman,false
974,Anne,Burton,true
975,Nancy,Shaw,true
976,Jonathan,Chavez,false
977,Donna,Johnson,false
978,Beverly,Cook,false
979,Billy,Hawkins,false
980,Jean,Mitchell,false
981,Ernest,Welch,false
982,Katherine,Sanchez,false
983,Betty,Ramirez,false
984,Raymond,Richards,true
985,Jesse,Bradley,false
986,Dorothy,Stevens,false
987,Deborah,Cruz,true
988,Paul,Crawford,false
989,Gary,Austin,true
990,Ernest,Gibson,false
991,Richard,Ellis,false
992,Eric,Long,false
993,Henry,Sims,false
994,Debra,Rogers,true
995,Patricia,Johnston,false
996,Jennifer,Cox,false
997,Christina,Price,true
998,Christopher,Ford,false
999,Angela,Arnold,true
1000,Mary,Elliott,true
95,Patricia,Johnston,false
996,Jennifer,Cox,false
997,Christina,Price,true
998,Christopher,Ford,false
999,Angela,Arnold,true
1000,Mary,Elliott,true
Carlos,Hill,true
840,Nicholas,Tucker,true
841,Michelle,Cooper,true
842,Norma,Stanley,true
843,Kevin,Duncan,true
844,Betty,Carpenter,true
845,Walter,Burke,true
846,David,Cooper,false
847,Christina,Howell,t841,Michelle,Cooper,true
842,Norma,Stanley,true
843,Kevin,Duncan,true
844,Betty,Carpenter,true
845,Walter,Burke,true
846,David,Cooper,false
847,Christina,Howell,t˚•õ3h≤,own,false
959,Jacqueline,Ryan,true
960,Emily,Fernandez,false
961,Robert,Walker,false
962,Brenda,George,false
963,Sandra,Hart,false
964,William,Dean,true
965,Alice,Hudson,true
966,Pamela,Diaz,false
967,Paula,Wells,true
968,Lisa,Porter,false
969,Clarence,Elliott,true
970,Martha,Roberts,false
971,Janet,Burton,false
972,Janice,Perkins,true
973,Joseph,Freeman,false
974,Anne,Burton,true
975,Nancy,Shaw,true
976,Jonathan,Chavez,false
977,Donna,Johnson,false
978,Beverly,Cook,false
979,Billy,Hawkins,false
980,Jean,Mitchell,false
981,Ernest,Welch,false
982,Katherine,Sanchez,false
983,Betty,Ramirez,false
984,Raymond,Richards,true
985,Jesse,Bradley,false
986,Dorothy,Stevens,false
987,Deborah,Cruz,true
988,Paul,Crawford,false
989,Gary,Austin,true
990,Ernest,Gibson,false
991,Richard,Ellis,false
992,Eric,Long,false
993,Henry,Sims,false
994,Debra,Rogers,true
995,Patricia,Johnston,false
996,Jennifer,Cox,false
997,Christina,Price,true
998,Christopher,Ford,false
999,Angela,Arnold,true
1000,Mary,Elliott,true
95,Patricia,Johnston,false
996,Jennifer,Cox,false
997,Christina,Price,true
998,Christopher,Ford,false
999,Angela,Arnold,true
1000,Mary,Elliott,true
Carlos,Hill,true
840,Nicholas,Tucker,true
841,Michelle,Cooper,true
842,Norma,Stanley,true
843,Kevin,Duncan,true
844,Betty,Carpenter,true
845,Walter,Burke,true
846,David,Cooper,false
847,Christina,Howell,t841,Michelle,Cooper,true
842,Norma,Stanley,true
843,Kevin,Duncan,true
844,Betty,Carpenter,true
845,Walter,Burke,true
846,David,Cooper,false
847,Christina,Howell,t˚•õ3h≤,1634086010
174420844,961,Robert,Walker,false
962,Brenda,George,false
963,Sandra,Hart,false
964,William,Dean,true
965,Alice,Hudson,true
966,Pamela,Diaz,false
967,Paula,Wells,true
968,Lisa,Porter,false
969,Clarence,Elliott,true
970,Martha,Roberts,false
971,Janet,Burton,false
972,Janice,Perkins,true
973,Joseph,Freeman,false
974,Anne,Burton,true
975,Nancy,Shaw,true
976,Jonathan,Chavez,false
977,Donna,Johnson,false
978,Beverly,Cook,false
979,Billy,Hawkins,false
980,Jean,Mitchell,false
981,Ernest,Welch,false
982,Katherine,Sanchez,false
983,Betty,Ramirez,false
984,Raymond,Richards,true
985,Jesse,Bradley,false
986,Dorothy,Stevens,false
987,Deborah,Cruz,true
988,Paul,Crawford,false
989,Gary,Austin,true
990,Ernest,Gibson,false
991,Richard,Ellis,false
992,Eric,Long,false
993,Henry,Sims,false
994,Debra,Rogers,true
995,Patricia,Johnston,false
996,Jennifer,Cox,false
997,Christina,Price,true
998,Christopher,Ford,false
999,Angela,Arnold,true
1000,Mary,Elliott,true
95,Patricia,Johnston,false
996,Jennifer,Cox,false
997,Christina,Price,true
998,Christopher,Ford,false
999,Angela,Arnold,true
1000,Mary,Elliott,true
Carlos,Hill,true
840,Nicholas,Tucker,true
841,Michelle,Cooper,true
842,Norma,Stanley,true
843,Kevin,Duncan,true
844,Betty,Carpenter,true
845,Walter,Burke,true
846,David,Cooper,false
847,Christina,Howell,t841,Michelle,Cooper,true
842,Norma,Stanley,true
843,Kevin,Duncan,true
844,Betty,Carpenter,true
845,Walter,Burke,true
846,David,Cooper,false
847,Christina,Howell,t˚•õ3h≤,,Sandra,Hart,false
964,William,Dean,true
965,Alice,Hudson,true
966,Pamela,Diaz,false
967,Paula,Wells,true
968,Lisa,Porter,false
969,Clarence,Elliott,true
970,Martha,Roberts,false
971,Janet,Burton,false
972,Janice,Perkins,true
973,Joseph,Freeman,false
974,Anne,Burton,true
975,Nancy,Shaw,true
976,Jonathan,Chavez,false
977,Donna,Johnson,false
978,Beverly,Cook,false
979,Billy,Hawkins,false
980,Jean,Mitchell,false
981,Ernest,Welch,false
982,Katherine,Sanchez,false
983,Betty,Ramirez,false
984,Raymond,Richards,true
985,Jesse,Bradley,false
986,Dorothy,Stevens,false
987,Deborah,Cruz,true
988,Paul,Crawford,false
989,Gary,Austin,true
990,Ernest,Gibson,false
991,Richard,Ellis,false
992,Eric,Long,false
993,Henry,Sims,false
994,Debra,Rogers,true
995,Patricia,Johnston,false
996,Jennifer,Cox,false
997,Christina,Price,true
998,Christopher,Ford,false
999,Angela,Arnold,true
1000,Mary,Elliott,true
95,Patricia,Johnston,false
996,Jennifer,Cox,false
997,Christina,Price,true
998,Christopher,Ford,false
999,Angela,Arnold,true
1000,Mary,Elliott,true
Carlos,Hill,true
840,Nicholas,Tucker,true
841,Michelle,Cooper,true
842,Norma,Stanley,true
843,Kevin,Duncan,true
844,Betty,Carpenter,true
845,Walter,Burke,true
846,David,Cooper,false
847,Christina,Howell,t841,Michelle,Cooper,true
842,Norma,Stanley,true
843,Kevin,Duncan,true
844,Betty,Carpenter,true
845,Walter,Burke,true
846,David,Cooper,false
847,Christina,Howell,t˚•õ3h≤,1852797796
1970435116,e
966,Pamela,Diaz,false
967,Paula,Wells,true
968,Lisa,Porter,false
969,Clarence,Elliott,true
970,Martha,Roberts,false
971,Janet,Burton,false
972,Janice,Perkins,true
973,Joseph,Freeman,false
974,Anne,Burton,true
975,Nancy,Shaw,true
976,Jonathan,Chavez,false
977,Donna,Johnson,false
978,Beverly,Cook,false
979,Billy,Hawkins,false
980,Jean,Mitchell,false
981,Ernest,Welch,false
982,Katherine,Sanchez,false
983,Betty,Ramirez,false
984,Raymond,Richards,true
985,Jesse,Bradley,false
986,Dorothy,Stevens,false
987,Deborah,Cruz,true
988,Paul,Crawford,false
989,Gary,Austin,true
990,Ernest,Gibson,false
991,Richard,Ellis,false
992,Eric,Long,false
993,Henry,Sims,false
994,Debra,Rogers,true
995,Patricia,Johnston,false
996,Jennifer,Cox,false
997,Christina,Price,true
998,Christopher,Ford,false
999,Angela,Arnold,true
1000,Mary,Elliott,true
95,Patricia,Johnston,false
996,Jennifer,Cox,false
997,Christina,Price,true
998,Christopher,Ford,false
999,Angela,Arnold,true
1000,Mary,Elliott,true
Carlos,Hill,true
840,Nicholas,Tucker,true
841,Michelle,Cooper,true
842,Norma,Stanley,true
843,Kevin,Duncan,true
844,Betty,Carpenter,true
845,Walter,Burke,true
846,David,Cooper,false
847,Christina,Howell,t841,Michelle,Cooper,true
842,Norma,Stanley,true
843,Kevin,Duncan,true
844,Betty,Carpenter,true
845,Walter,Burke,true
846,David,Cooper,false
847,Christina,Howell,t˚•õ3h≤,sa,Porter,false
969,Clarence,Elliott,true
970,Martha,Roberts,false
971,Janet,Burton,false
972,Janice,Perkins,true
973,Joseph,Freeman,false
974,Anne,Burton,true
975,Nancy,Shaw,true
976,Jonathan,Chavez,false
977,Donna,Johnson,false
978,Beverly,Cook,false
979,Billy,Hawkins,false
980,Jean,Mitchell,false
981,Ernest,Welch,false
982,Katherine,Sanchez,false
983,Betty,Ramirez,false
984,Raymond,Richards,true
985,Jesse,Bradley,false
986,Dorothy,Stevens,false
987,Deborah,Cruz,true
988,Paul,Crawford,false
989,Gary,Austin,true
990,Ernest,Gibson,false
991,Richard,Ellis,false
992,Eric,Long,false
993,Henry,Sims,false
994,Debra,Rogers,true
995,Patricia,Johnston,false
996,Jennifer,Cox,false
997,Christina,Price,true
998,Christopher,Ford,false
999,Angela,Arnold,true
1000,Mary,Elliott,true
95,Patricia,Johnston,false
996,Jennifer,Cox,false
997,Christina,Price,true
998,Christopher,Ford,false
999,Angela,Arnold,true
1000,Mary,Elliott,true
Carlos,Hill,true
840,Nicholas,Tucker,true
841,Michelle,Cooper,true
842,Norma,Stanley,true
843,Kevin,Duncan,true
844,Betty,Carpenter,true
845,Walter,Burke,true
846,David,Cooper,false
847,Christina,Howell,t841,Michelle,Cooper,true
842,Norma,Stanley,true
843,Kevin,Duncan,true
844,Betty,Carpenter,true
845,Walter,Burke,true
846,David,Cooper,false
847,Christina,Howell,t˚•õ3h≤,1700949842
745763954,false
971,Janet,Burton,false
972,Janice,Perkins,true
973,Joseph,Freeman,false
974,Anne,Burton,true
975,Nancy,Shaw,true
976,Jonathan,Chavez,false
977,Donna,Johnson,false
978,Beverly,Cook,false
979,Billy,Hawkins,false
980,Jean,Mitchell,false
981,Ernest,Welch,false
982,Katherine,Sanchez,false
983,Betty,Ramirez,false
984,Raymond,Richards,true
985,Jesse,Bradley,false
986,Dorothy,Stevens,false
987,Deborah,Cruz,true
988,Paul,Crawford,false
989,Gary,Austin,true
990,Ernest,Gibson,false
991,Richard,Ellis,false
992,Eric,Long,false
993,Henry,Sims,false
994,Debra,Rogers,true
995,Patricia,Johnston,false
996,Jennifer,Cox,false
997,Christina,Price,true
998,Christopher,Ford,false
999,Angela,Arnold,true
1000,Mary,Elliott,true
95,Patricia,Johnston,false
996,Jennifer,Cox,false
997,Christina,Price,true
998,Christopher,Ford,false
999,Angela,Arnold,true
1000,Mary,Elliott,true
Carlos,Hill,true
840,Nicholas,Tucker,true
841,Michelle,Cooper,true
842,Norma,Stanley,true
843,Kevin,Duncan,true
844,Betty,Carpenter,true
845,Walter,Burke,true
846,David,Cooper,false
847,Christina,Howell,t841,Michelle,Cooper,true
842,Norma,Stanley,true
843,Kevin,Duncan,true
844,Betty,Carpenter,true
845,Walter,Burke,true
846,David,Cooper,false
847,Christina,Howell,t˚•õ3h≤,e
973,Joseph,Freeman,false
974,Anne,Burton,true
975,Nancy,Shaw,true
976,Jonathan,Chavez,false
977,Donna,Johnson,false
978,Beverly,Cook,false
979,Billy,Hawkins,false
980,Jean,Mitchell,false
981,Ernest,Welch,false
982,Katherine,Sanchez,false
983,Betty,Ramirez,false
984,Raymond,Richards,true
985,Jesse,Bradley,false
986,Dorothy,Stevens,false
987,Deborah,Cruz,true
988,Paul,Crawford,false
989,Gary,Austin,true
990,Ernest,Gibson,false
991,Richard,Ellis,false
992,Eric,Long,false
993,Henry,Sims,false
994,Debra,Rogers,true
995,Patricia,Johnston,false
996,Jennifer,Cox,false
997,Christina,Price,true
998,Christopher,Ford,false
999,Angela,Arnold,true
1000,Mary,Elliott,true
95,Patricia,Johnston,false
996,Jennifer,Cox,false
997,Christina,Price,true
998,Christopher,Ford,false
999,Angela,Arnold,true
1000,Mary,Elliott,true
Carlos,Hill,true
840,Nicholas,Tucker,true
841,Michelle,Cooper,true
842,Norma,Stanley,true
843,Kevin,Duncan,true
844,Betty,Carpenter,true
845,Walter,Burke,true
846,David,Cooper,false
847,Christina,Howell,t841,Michelle,Cooper,true
842,Norma,Stanley,true
843,Kevin,Duncan,true
844,Betty,Carpenter,true
845,Walter,Burke,true
846,David,Cooper,false
847,Christina,Howell,t˚•õ3h≤,2036559457
1634226988,w,true
976,Jonathan,Chavez,false
977,Donna,Johnson,false
978,Beverly,Cook,false
979,Billy,Hawkins,false
980,Jean,Mitchell,false
981,Ernest,Welch,false
982,Katherine,Sanchez,false
983,Betty,Ramirez,false
984,Raymond,Richards,true
985,Jesse,Bradley,false
986,Dorothy,Stevens,false
987,Deborah,Cruz,true
988,Paul,Crawford,false
989,Gary,Austin,true
990,Ernest,Gibson,false
991,Richard,Ellis,false
992,Eric,Long,false
993,Henry,Sims,false
994,Debra,Rogers,true
995,Patricia,Johnston,false
996,Jennifer,Cox,false
997,Christina,Price,true
998,Christopher,Ford,false
999,Angela,Arnold,true
1000,Mary,Elliott,true
95,Patricia,Johnston,false
996,Jennifer,Cox,false
997,Christina,Price,true
998,Christopher,Ford,false
999,Angela,Arnold,true
1000,Mary,Elliott,true
Carlos,Hill,true
840,Nicholas,Tucker,true
841,Michelle,Cooper,true
842,Norma,Stanley,true
843,Kevin,Duncan,true
844,Betty,Carpenter,true
845,Walter,Burke,true
846,David,Cooper,false
847,Christina,Howell,t841,Michelle,Cooper,true
842,Norma,Stanley,true
843,Kevin,Duncan,true
844,Betty,Carpenter,true
845,Walter,Burke,true
846,David,Cooper,false
847,Christina,Howell,t˚•õ3h≤,false
978,Beverly,Cook,false
979,Billy,Hawkins,false
980,Jean,Mitchell,false
981,Ernest,Welch,false
982,Katherine,Sanchez,false
983,Betty,Ramirez,false
984,Raymond,Richards,true
985,Jesse,Bradley,false
986,Dorothy,Stevens,false
987,Deborah,Cruz,true
988,Paul,Crawford,false
989,Gary,Austin,true
990,Ernest,Gibson,false
991,Richard,Ellis,false
992,Eric,Long,false
993,Henry,Sims,false
994,Debra,Rogers,true
995,Patricia,Johnston,false
996,Jennifer,Cox,false
997,Christina,Price,true
998,Christopher,Ford,false
999,Angela,Arnold,true
1000,Mary,Elliott,true
95,Patricia,Johnston,false
996,Jennifer,Cox,false
997,Christina,Price,true
998,Christopher,Ford,false
999,Angela,Arnold,true
1000,Mary,Elliott,true
Carlos,Hill,true
840,Nicholas,Tucker,true
841,Michelle,Cooper,true
842,Norma,Stanley,true
843,Kevin,Duncan,true
844,Betty,Carpenter,true
845,Walter,Burke,true
846,David,Cooper,false
847,Christina,Howell,t841,Michelle,Cooper,true
842,Norma,Stanley,true
843,Kevin,Duncan,true
844,Betty,Carpenter,true
845,Walter,Burke,true
846,David,Cooper,false
847,Christina,Howell,t˚•õ3h≤,741357625
1851876682,,Mitchell,false
981,Ernest,Welch,false
982,Katherine,Sanchez,false
983,Betty,Ramirez,false
984,Raymond,Richards,true
985,Jesse,Bradley,false
986,Dorothy,Stevens,false
987,Deborah,Cruz,true
988,Paul,Crawford,false
989,Gary,Austin,true
990,Ernest,Gibson,false
991,Richard,Ellis,false
992,Eric,Long,false
993,Henry,Sims,false
994,Debra,Rogers,true
995,Patricia,Johnston,false
996,Jennifer,Cox,false
997,Christina,Price,true
998,Christopher,Ford,false
999,Angela,Arnold,true
1000,Mary,Elliott,true
95,Patricia,Johnston,false
996,Jennifer,Cox,false
997,Christina,Price,true
998,Christopher,Ford,false
999,Angela,Arnold,true
1000,Mary,Elliott,true
Carlos,Hill,true
840,Nicholas,Tucker,true
841,Michelle,Cooper,true
842,Norma,Stanley,true
843,Kevin,Duncan,true
844,Betty,Carpenter,true
845,Walter,Burke,true
846,David,Cooper,false
847,Christina,Howell,t841,Michelle,Cooper,true
842,Norma,Stanley,true
843,Kevin,Duncan,true
844,Betty,Carpenter,true
845,Walter,Burke,true
846,David,Cooper,false
847,Christina,Howell,t˚•õ3h≤,e,Sanchez,false
983,Betty,Ramirez,false
984,Raymond,Richards,true
985,Jesse,Bradley,false
986,Dorothy,Stevens,false
987,Deborah,Cruz,true
988,Paul,Crawford,false
989,Gary,Austin,true
990,Ernest,Gibson,false
991,Richard,Ellis,false
992,Eric,Long,false
993,Henry,Sims,false
994,Debra,Rogers,true
995,Patricia,Johnston,false
996,Jennifer,Cox,false
997,Christina,Price,true
998,Christopher,Ford,false
999,Angela,Arnold,true
1000,Mary,Elliott,true
95,Patricia,Johnston,false
996,Jennifer,Cox,false
997,Christina,Price,true
998,Christopher,Ford,false
999,Angela,Arnold,true
1000,Mary,Elliott,true
Carlos,Hill,true
840,Nicholas,Tucker,true
841,Michelle,Cooper,true
842,Norma,Stanley,true
843,Kevin,Duncan,true
844,Betty,Carpenter,true
845,Walter,Burke,true
846,David,Cooper,false
847,Christina,Howell,t841,Michelle,Cooper,true
842,Norma,Stanley,true
843,Kevin,Duncan,true
844,Betty,Carpenter,true
845,Walter,Burke,true
846,David,Cooper,false
847,Christina,Howell,t˚•õ3h≤,1634231145
745759858,true
985,Jesse,Bradley,false
986,Dorothy,Stevens,false
987,Deborah,Cruz,true
988,Paul,Crawford,false
989,Gary,Austin,true
990,Ernest,Gibson,false
991,Richard,Ellis,false
992,Eric,Long,false
993,Henry,Sims,false
994,Debra,Rogers,true
995,Patricia,Johnston,false
996,Jennifer,Cox,false
997,Christina,Price,true
998,Christopher,Ford,false
999,Angela,Arnold,true
1000,Mary,Elliott,true
95,Patricia,Johnston,false
996,Jennifer,Cox,false
997,Christina,Price,true
998,Christopher,Ford,false
999,Angela,Arnold,true
1000,Mary,Elliott,true
Carlos,Hill,true
840,Nicholas,Tucker,true
841,Michelle,Cooper,true
842,Norma,Stanley,true
843,Kevin,Duncan,true
844,Betty,Carpenter,true
845,Walter,Burke,true
846,David,Cooper,false
847,Christina,Howell,t841,Michelle,Cooper,true
842,Norma,Stanley,true
843,Kevin,Duncan,true
844,Betty,Carpenter,true
845,Walter,Burke,true
846,David,Cooper,false
847,Christina,Howell,t˚•õ3h≤,lse
987,Deborah,Cruz,true
988,Paul,Crawford,false
989,Gary,Austin,true
990,Ernest,Gibson,false
991,Richard,Ellis,false
992,Eric,Long,false
993,Henry,Sims,false
994,Debra,Rogers,true
995,Patricia,Johnston,false
996,Jennifer,Cox,false
997,Christina,Price,true
998,Christopher,Ford,false
999,Angela,Arnold,true
1000,Mary,Elliott,true
95,Patricia,Johnston,false
996,Jennifer,Cox,false
997,Christina,Price,true
998,Christopher,Ford,false
999,Angela,Arnold,true
1000,Mary,Elliott,true
Carlos,Hill,true
840,Nicholas,Tucker,true
841,Michelle,Cooper,true
842,Norma,Stanley,true
843,Kevin,Duncan,true
844,Betty,Carpenter,true
845,Walter,Burke,true
846,David,Cooper,false
847,Christina,Howell,t841,Michelle,Cooper,true
842,Norma,Stanley,true
843,Kevin,Duncan,true
844,Betty,Carpenter,true
845,Walter,Burke,true
846,David,Cooper,false
847,Christina,Howell,t˚•õ3h≤,1918977836
1967205497,stin,true
990,Ernest,Gibson,false
991,Richard,Ellis,false
992,Eric,Long,false
993,Henry,Sims,false
994,Debra,Rogers,true
995,Patricia,Johnston,false
996,Jennifer,Cox,false
997,Christina,Price,true
998,Christopher,Ford,false
999,Angela,Arnold,true
1000,Mary,Elliott,true
95,Patricia,Johnston,false
996,Jennifer,Cox,false
997,Christina,Price,true
998,Christopher,Ford,false
999,Angela,Arnold,true
1000,Mary,Elliott,true
Carlos,Hill,true
840,Nicholas,Tucker,true
841,Michelle,Cooper,true
842,Norma,Stanley,true
843,Kevin,Duncan,true
844,Betty,Carpenter,true
845,Walter,Burke,true
846,David,Cooper,false
847,Christina,Howell,t841,Michelle,Cooper,true
842,Norma,Stanley,true
843,Kevin,Duncan,true
844,Betty,Carpenter,true
845,Walter,Burke,true
846,David,Cooper,false
847,Christina,Howell,t˚•õ3h≤,,false
992,Eric,Long,false
993,Henry,Sims,false
994,Debra,Rogers,true
995,Patricia,Johnston,false
996,Jennifer,Cox,false
997,Christina,Price,true
998,Christopher,Ford,false
999,Angela,Arnold,true
1000,Mary,Elliott,true
95,Patricia,Johnston,false
996,Jennifer,Cox,false
997,Christina,Price,true
998,Christopher,Ford,false
999,Angela,Arnold,true
1000,Mary,Elliott,true
Carlos,Hill,true
840,Nicholas,Tucker,true
841,Michelle,Cooper,true
842,Norma,Stanley,true
843,Kevin,Duncan,true
844,Betty,Carpenter,true
845,Walter,Burke,true
846,David,Cooper,false
847,Christina,Howell,t841,Michelle,Cooper,true
842,Norma,Stanley,true
843,Kevin,Duncan,true
844,Betty,Carpenter,true
845,Walter,Burke,true
846,David,Cooper,false
847,Christina,Howell,t˚•õ3h≤,1634886245
1735348780,ers,true
995,Patricia,Johnston,false
996,Jennifer,Cox,false
997,Christina,Price,true
998,Christopher,Ford,false
999,Angela,Arnold,true
1000,Mary,Elliott,true
95,Patricia,Johnston,false
996,Jennifer,Cox,false
997,Christina,Price,true
998,Christopher,Ford,false
999,Angela,Arnold,true
1000,Mary,Elliott,true
Carlos,Hill,true
840,Nicholas,Tucker,true
841,Michelle,Cooper,true
842,Norma,Stanley,true
843,Kevin,Duncan,true
844,Betty,Carpenter,true
845,Walter,Burke,true
846,David,Cooper,false
847,Christina,Howell,t841,Michelle,Cooper,true
842,Norma,Stanley,true
843,Kevin,Duncan,true
844,Betty,Carpenter,true
845,Walter,Burke,true
846,David,Cooper,false
847,Christina,Howell,t˚•õ3h≤,ox,false
997,Christina,Price,true
998,Christopher,Ford,false
999,Angela,Arnold,true
1000,Mary,Elliott,true
95,Patricia,Johnston,false
996,Jennifer,Cox,false
997,Christina,Price,true
998,Christopher,Ford,false
999,Angela,Arnold,true
1000,Mary,Elliott,true
Carlos,Hill,true
840,Nicholas,Tucker,true
841,Michelle,Cooper,true
842,Norma,Stanley,true
843,Kevin,Duncan,true
844,Betty,Carpenter,true
845,Walter,Burke,true
846,David,Cooper,false
847,Christina,Howell,t841,Michelle,Cooper,true
842,Norma,Stanley,true
843,Kevin,Duncan,true
844,Betty,Carpenter,true
845,Walter,Burke,true
846,David,Cooper,false
847,Christina,Howell,t˚•õ3h≤,1634085988
174420844,999,Angela,Arnold,true
1000,Mary,Elliott,true
95,Patricia,Johnston,false
996,Jennifer,Cox,false
997,Christina,Price,true
998,Christopher,Ford,false
999,Angela,Arnold,true
1000,Mary,Elliott,true
Carlos,Hill,true
840,Nicholas,Tucker,true
841,Michelle,Cooper,true
842,Norma,Stanley,true
843,Kevin,Duncan,true
844,Betty,Carpenter,true
845,Walter,Burke,true
846,David,Cooper,false
847,Christina,Howell,t841,Michelle,Cooper,true
842,Norma,Stanley,true
843,Kevin,Duncan,true
844,Betty,Carpenter,true
845,Walter,Burke,true
846,David,Cooper,false
847,Christina,Howell,t˚•õ3h≤,tricia,Johnston,false
996,Jennifer,Cox,false
997,Christina,Price,true
998,Christopher,Ford,false
999,Angela,Arnold,true
1000,Mary,Elliott,true
Carlos,Hill,true
840,Nicholas,Tucker,true
841,Michelle,Cooper,true
842,Norma,Stanley,true
843,Kevin,Duncan,true
844,Betty,Carpenter,true
845,Walter,Burke,true
846,David,Cooper,false
847,Christina,Howell,t841,Michelle,Cooper,true
842,Norma,Stanley,true
843,Kevin,Duncan,true
844,Betty,Carpenter,true
845,Walter,Burke,true
846,David,Cooper,false
847,Christina,Howell,t˚•õ3h≤,1953720690
744582761,Price,true
998,Christopher,Ford,false
999,Angela,Arnold,true
1000,Mary,Elliott,true
Carlos,Hill,true
840,Nicholas,Tucker,true
841,Michelle,Cooper,true
842,Norma,Stanley,true
843,Kevin,Duncan,true
844,Betty,Carpenter,true
845,Walter,Burke,true
846,David,Cooper,false
847,Christina,Howell,t841,Michelle,Cooper,true
842,Norma,Stanley,true
843,Kevin,Duncan,true
844,Betty,Carpenter,true
845,Walter,Burke,true
846,David,Cooper,false
847,Christina,Howell,t˚•õ3h≤,Arnold,true
1000,Mary,Elliott,true
Carlos,Hill,true
840,Nicholas,Tucker,true
841,Michelle,Cooper,true
842,Norma,Stanley,true
843,Kevin,Duncan,true
844,Betty,Carpenter,true
845,Walter,Burke,true
846,David,Cooper,false
847,Christina,Howell,t841,Michelle,Cooper,true
842,Norma,Stanley,true
843,Kevin,Duncan,true
844,Betty,Carpenter,true
845,Walter,Burke,true
846,David,Cooper,false
847,Christina,Howell,t˚•õ3h≤,808728586
1667845676,holas,Tucker,true
841,Michelle,Cooper,true
842,Norma,Stanley,true
843,Kevin,Duncan,true
844,Betty,Carpenter,true
845,Walter,Burke,true
846,David,Cooper,false
847,Christina,Howell,t841,Michelle,Cooper,true
842,Norma,Stanley,true
843,Kevin,Duncan,true
844,Betty,Carpenter,true
845,Walter,Burke,true
846,David,Cooper,false
847,Christina,Howell,t˚•õ3h≤,a,Stanley,true
843,Kevin,Duncan,true
844,Betty,Carpenter,true
845,Walter,Burke,true
846,David,Cooper,false
847,Christina,Howell,t841,Michelle,Cooper,true
842,Norma,Stanley,true
843,Kevin,Duncan,true
844,Betty,Carpenter,true
845,Walter,Burke,true
846,David,Cooper,false
847,Christina,Howell,t˚•õ3h≤,745694580
1702195828,
845,Walter,Burke,true
846,David,Cooper,false
847,Christina,Howell,t841,Michelle,Cooper,true
842,Norma,Stanley,true
843,Kevin,Duncan,true
844,Betty,Carpenter,true
845,Walter,Burke,true
846,David,Cooper,false
847,Christina,Howell,t˚•õ3h≤,hristina,Howell,t841,Michelle,Cooper,true
842,Norma,Stanley,true
843,Kevin,Duncan,true
844,Betty,Carpenter,true
845,Walter,Burke,true
846,David,Cooper,false
847,Christina,Howell,t˚•õ3h≤,1851880531
746153324,true
843,Kevin,Duncan,true
844,Betty,Carpenter,true
845,Walter,Burke,true
846,David,Cooper,false
847,Christina,Howell,t˚•õ3h≤,ue
845,Walter,Burke,true
846,David,Cooper,false
847,Christina,Howell,t˚•õ3h≤,1749232695
1953720690,ina,Howell,t˚•õ3h≤,,0
0,,,4128964
865838587,b≥,,0
0,,,0
0,,,0
0,,,0
0,,,0
0,,,29285
0,,,2
0,,,0
0,,,0
0,,,0
0,,,0
0,,,0
0,,,0
0,,,0
0,,,0
0,,,0
0,,,0
0,,,0
0,,,0
0,,,0
0,,,0
0,,,0
0,,,0
0,,,0
0,,,0
0,,,0
0,,,0
0,,,0
0,,,0
0,,,0
0,,,0
0,,,0
0,,,0
0,,,0
0,,,0
0,,,0
0,,,0
0,,,0
0,,,0
0,,,0
0,,,0
0,,,0
0,,,0
0,,,0
0,,,0
0,,,0
0,,,0
0,,,0
0,,,0
0,,,0
0,,,0
0,,,0
0,,,0
0,,,0
0,,,0
0,,,0
0,,,0
0,,,0
0,,,0
0,,,0
0,,,0
0,,,0
0,,,0
0,,,0
0,,,0
0,,,0
0,,,0
0,,,0
0,,,0
0,,,0
0,,,0
0,,,0
0,,,0
0,,,0
0,,,0
0,,,0
0,,,0
0,,,0
0,,,0
0,,,0
0,,,0
0,,,0
0,,,0
0,,,0
0,,,0
0,,,0
0,,,0
0,,,0
0,,,0
0,,,0
0,,,0
0,,,0
0,,,0
0,,,0
0,,,0
0,,,0
0,,,0
0,,,0
0,,,0
0,,,0
0,,,0
0,,,0
0,,,0
0,,,0
0,,,0
0,,,0
0,,,0
0,,,0
0,,,0
0,,,0
0,,,0
0,,,0
0,,,0
0,,,0
0,,,0
0,,,0
0,,,0
0,,,0
0,,,0
0,,,0
0,,,0
0,,,0
0,,,0
0,,,0
0,,,0
0,,,0
0,,,0
0,,,0
0,,,0
0,,,0
0,,,0
0,,,0
0,,,0
0,,,0
0,,,0
0,,,0
0,,,0
0,,,0
0,,,0
0,,,0
0,,,0
0,,,0
0,,,0
0,,,0
0,,,0
0,,,0
0,,,0
0,,à,1124073472
1836081512,an,,0
0,,,0
0,,,0
0,,,0
0,,,0
0,,,1851878721
24932,,,-2013265920
26,Bonnie,Bailey,1
1146033177,,,0
0,,,0
0,,,0
0,,,0
0,,,0
0,,phen,0
0,,à!,1291845632
1852797793,,,0
0,,,0
0,,,0
0,,,0
0,,,0
0,,,1818588741
28281,,,-2013265920
40,Gerald,Alvarez,1
1146031051,,,0
0,,,0
0,,,0
0,,,0
0,,,0
0,,da,28271
0,,à/,1174405120
1702130543,r,,0
0,,,0
0,,,0
0,,,0
0,,,0
0,,,4164904
2885920,0y?,,1
15,!,,1
2885920,xﬁ?,,1
15,D,,1
2885920,P¸.,,15
6,*,,0
0,,,0
0,,,0
0,,,46057
4193504,p8?,,4161136
4161256,`?,,3005576
3005696,x›-,,3008568
12,¿–‡®
OD,,0
0,,,0
0,,,0
0,,,0
0,,onio,101
0,,àZ,1107296256
1801675116,,,0
0,,,0
0,,,0
0,,,0
0,,,0
0,,,1836017748
29537,,,-2013265920
97,Wayne,Sullivan,1
1146030573,,,0
0,,,0
0,,,0
0,,,0
0,,,0
0,,ven,114
0,,àh,1140850688
8020329,,,0
0,,,0
0,,,0
0,,,0
0,,,0
0,,,1819895888
7563628,,,-2013265920
111,Sandra,Hill,1
1146030111,,,0
0,,,0
0,,,0
0,,,0
0,,,0
0,,wn,0
0,,,0
0,,†â?,4143664
4143784, ;?,,4163056
4163176,‡Ü?,,3007376
3007616,¯‰-,,7958354
0,,,-2013265920
122,Stephanie,Hayes,1
1146031941,,,0
0,,,0
0,,,0
0,,,0
0,,,0
0,,l,7562354
0,,àÅ,1275068416
1751346809,,,0
0,,,0
0,,,0
0,,,0
0,,,0
0,,,1768715594
101,,,-2013265920
136,Katherine,King,1
1146032055,,,0
0,,,0
0,,,0
0,,,0
0,,,0
0,,phanie,114
0,,àè,1409286144
1869379937,r,,0
0,,,0
0,,,0
0,,,0
0,,,0
0,,,1802658125
0,,,-2013265920
150,Irene,Duncan,1
0,,,0
915646452,i±,,0
0,,,0
0,,,1869899630
110,,àö,1258291200
1751607662,t,,0
0,,,0
0,,,0
0,,,0
0,,,0
0,,,1752457547
1852138860,,,-2013265920
161,Joyce,Mccoy,1
1146031439,,,0
0,,,0
0,,,0
0,,,0
0,,,0
0,,is,29550
0,,à®,1207959552
1936417641,,,0
0,,,0
0,,,0
0,,,0
0,,,0
0,,,2053729349
1952801377,h,,-2013265920
175,Patricia,Hamilton,1
1146031217,,,0
0,,,0
0,,,0
0,,,0
0,,,0
0,,id,0
0,,à∂,1191182336
7954802,,,0
0,,,0
0,,,101
0,,,7958354
0,,,-2013265920
186,Ronald,Scott,1
1146031335,,,0
0,,,0
0,,,0
0,,,0
0,,,0
0,,ve,0
0,,à¡,1107296256
6584687,,,0
0,,,0
0,,,0
0,,,0
0,,,0
0,,,1735749444
7561580,,,-2013265920
200,Michelle,James,1
1146029001,,,0
0,,,0
0,,,0
0,,,0
0,,,0
0,,ilyn,0
0,,àœ,1140850688
7237237,,,0
0,,,0
0,,,0
0,,,0
0,,,0
0,,,1819044183
7168361,,,-2013265920
214,Todd,Kennedy,1
1146028731,,,0
0,,,0
0,,,0
0,,a,6644590
0,,à⁄,1241513984
1651467105,s,,0
0,,,0
0,,,0
0,,,0
0,,,0
0,,,1752457547
121,,,-2013265920
225,Lisa,Andrews,1
1146028705,,,0
0,,,0
0,,,0
0,,,0
0,,,0
0,,ter,2053469543
0,,àË,1207959552
1701868129,r,,0
0,,,0
0,,,0
0,,,0
0,,,0
0,,,1919510611
7955820,,,-2013265920
239,Carlos,Patterson,1
1146029011,,,0
0,,,0
0,,,0
0,,,0
0,,,0
0,,olyn,108
0,,àˆ,1174405120
30831,,,0
0,,,0
0,,,0
0,,,0
0,,,-2013265920
250,Dorothy,Garrett,1
1146028857,,,0
0,,,0
0,,,0
0,,,0
0,,,0
0,,othy,0
0,,à,1107296256
6584687,,,0
0,,,0
0,,,0
0,,,0
0,,,0
0,,,1819435331
0,,,-2013265920
264,Maria,Dixon,1
1146029163,,,0
0,,,0
0,,,0
0,,,0
0,,,0
0,,dy,101
0,,à,1107296256
1851881842,t,,0
0,,,0
0,,,0
0,,,0
0,,,0
0,,,1751345486
1935764591,,,-2013265920
278,Jimmy,Matthews,1
1146029405,,,0
0,,,0
0,,,0
0,,,0
0,,,0
0,,,4159816
4159936,8z?,,4163536
4163656,Pÿ-,,3007976
3008096,ÿÊ-,,4168504
4168624,(ú?,,4172240
4172480,8´?,,4176096
4176216,–π?,,4179952
4180072,‡»?,,4183808
4183928,◊?,,4187664
4187784,,,3011200
3011440,ËÛ-,,3014920
3015040,¯.,,3018640
3018760,Ä.,,3022360
3022480,.,,3026080
3026200,ê-.,,3029680
3029920,<.,,3033400
3033520,(J.,,3037120
3037240,∞X.,,3040840
3040960,8g.,,3044688
3044808,@v.,,3048424
3048664,PÖ.,,3052144
3052264,`ì.,,3055896
3056016,¢.,,3059616
3059736,ê∞.,,3063368
3063488,8ø.,,3066968
3067208,¿Õ.,,3070688
3070808,–€.,,3074440
3074560,xÍ.,,3078160
3078280,,,3081912
3082032,®/,,3085512
3085752,0/,,3089264
3089384,`$/,,3092984
3093104,Ë2/,,4164912
0,,,0
0,,,0
0,,,0
0,,,0
0,,,0
0,,,0
0,,,0
0,,,128
247078670,,
$,4096
32768,,,0
0,,,1024
0,,¿.rdata,40960
4096,,,0
24,,,1111490624
3748399,,,0
0,@,,60928
0,,B,0
0,,,0
0,,,0
0,,,0
0,,,0
0,,,0
0,,,0
0,,,0
0,,,0
0,,,0
0,,,0
0,,,0
0,,,0
0,,,0
0,,,0
0,,,0
0,,,0
0,,,0
0,,,0
0,,,0
0,,,0
0,,,0
0,,,0
0,,,0
0,,,0
0,,,0
0,,,0
0,,,0
955024211,°ì@,Ëc,1149839396
1239943204,i,$Ëi,6879208
-1996453120,D$°,0ã,-2062565243
160,1¿Éƒ([¬,$,0
69485767,,,730116
-1310195712,g,,0
-954405757,$,êêêêêêêêê°$Ä@,-1996472176
-974642172,g,EÙ,-1962934272
13103173,,@,1086844997
1075270948,,ãE«@H'@,-1
32523719,,â$Ë¢,1170671595
240,,EãPãEã,604277000
6599656,,«E¸,-244281
-939524097,EÙ,,-955
2105802751,,â«E¸,2105799749
410320884,ãEã,«,-2081143415
1946219645,K«E,EÙâ$Ë˝ˇˇÉEãEã@;EæãEÙ…√UâÂÉÏ(«EÙˇˇˇˇ«E,-2138829056
-2097152000,},â$Ë§¸ˇˇâEÙÎ?ãEâD$ãEâ$Ë{,854074372
-1979711490,EÙãEã,,-1010172859
-2082109099,Ï«E¸ˇˇˇˇÉ},«EÙ,1166738468
604277000,Ëù˝ˇˇãEÙ…√UâÂÉÏ(«EÙ,ã,-262829300
-490616319,–ã,;E|∑ãEÙ…√UâÂÉÏ«E¸ˇˇˇˇ«E¯,9112645
1467531397,«E¸,ÉE¯ÉEÙãEã,-398080001
0,É},É}‰,-490607531
-1949302526,ãEã@ãM¡·»ã,ˇâE‰ãEÏâD$ãEâ$Ë§˙ˇˇâD$ãEâD$ãEâ$Ë2˚ˇˇãE‰âD$ãEÏâD$ãEâ$Ë˚ˇˇ«EÙ,608471532
138775300,â$Ë˚ˇˇ«EÙ,·»ã,604277000
-389912,ˇâD$ãEâD$ãEâ$Ëö˙ˇˇãE‰âD$ãEÏâD$ãEâ$ËÅ˙ˇˇ«EÙ,,-196753624
-1,É},$â$ËÔ],-906738293
-443984445,ÉÏ(«EÙˇˇˇˇ«EÏ,âEÎ.ãEã@ãUÉ¬¡‚¬ãEã@ãM¡·»ã,1161556037
-943031028,EÙ,EÎ.ãEã@ãU¡‚¬ãEã@ãMÉ¡¡·»ã,1161494667
-2084012048,}ÏuãEâ$Ë,ãEçÖ,1170671696
244,,ÂÉÏ(«EÙ,-2096609909
1418265792,$â$Ë˙[,ÏãEÏçPãEÉ¿âT$â$Ë∏[,-1928837749
1166738512,ã,EÉ},1530325028
1170669568,Ù,ˇˇâD$â$Ë˚Z,16008647
-352321536,çïˆ˛ˇˇãEÙ–∂,D$â$ËéZ,-326900343
-62535920,,çEâEÙãEÙâD$ãEâ$Ëë,-956301312
3155012,,Öˇˇˇ∏,-11606016
80216063,$®ê@,@,80216063
1083279396,,$âD$ãD$ â$Ë!,40954111
1508442112,,ËµÛˇˇâD$ãD$çHãD$çP7ãD$ã,1009011851
-343597126,Qâ»˜Í¡˙â»¡¯)¬â–k¿d)¡â»Ö¿u«$í@,,1075692804
608471808,$â$Ëì˜ˇˇâD$,ãD$,âD$«$=í@,,609519884
608471304,«$í@,$í@,1210320071
-402636654,®¸ˇˇË•,D$$â$Ë—ˇˇâD$(Ëg,1083307044
-63248384,ˇˇãD$ âD$ãD$0âD$ãD$$â$Ë”,è¸ˇˇ∏,-1869560887
1407551829,ÉÏ$çEâEÙãEÙâD$ãEâD$ãEâ$Ëö
,çEâEÙãEÙâD$ãEâ$Ë1
,1083344420
1436739584,,âD$«D$èí@,-1987033715
-1928321980,E¬âD$çÖ^ˇˇˇâD$«D$èí@,ãEÙâãEÙ«@l,21680
-1980480117,D$ãEâ$Ë—ÓˇˇãEã@É‡Ö¿ÑPˇˇˇãEâ$Ë≤T,ÂVSÉÏ0«EÙ,130
-1040956021,‡ç≈,,-1224465340
-1962917742,Eâ$Ë¬˝ˇˇÉEÙãEÙ;EÖrˇˇˇ«$ƒí@,$ƒí@,276038648
440,,,1583022080
-1107292990,–@,,-1869574000
-1990681444,¬5,∞@,226690932
4239388,Å‚,Ä¢Ö“x"Å‚,-1869574000
-1866210341,êêêêêêêêêêêêSÉÏ(ãÄ¡@,$ì@,0
-1990398845,\$Lâ√çD$$«D$,Ñ∫,0
1950414979,–ãD$0çl$ âl$«D$@,â$É¯@ïD$É¯ïD$Ë¿P,1149841444
1149961252,$$â$ËQ,t√ç∂,57230
-734688512,ó@,ÖG,-259780832
-2097152000,˙Ñ¥,,-1866257212
1083692219,,,16777216
609520122,çT$ËR˝ˇˇÈ⁄˛ˇˇÅ¡,«$`ì@,135629060
-2063581056,¿uÈÉƒÛ√çt&,@,2520205
-1339816505,@,N,-1017226476
-1591939965,,∞@,,-402636624
19896,âÉÏã\$ãt$Éƒ√æˇˇˇˇÎäçt&,√«$0∞@,-940476992
-1339022332,@,£H∞@,-125632448
-941591295,$0∞@,,-1869574000
-1959990141,D$4«D$,êêêêêêêêêÉÏ,ãD$8«D$,-2097151979
-1866257212,êêêêêêêêêêêêSâ¡ÉÏHãD$PâD$ ãD$TâD$$ãD$XâD$(ãD$\€l$ âD$,ŸÂõﬂ‡›ÿˆƒtˆƒÑë,D$,ŸÂõﬂ‡›ÿˆƒtˆƒÑë,941900999
0,Å‚,çT$8âT$çT$ âT$Ë,0
941900999,,ˆ≈ uãZ9Z~ÄÂuããJàãZÉ√âZÉƒ([√êã
â$âT$âL$ËJ,1243539460
1418395648,$ãZÉ√âZÉƒ([√ç∂,$«D$,67453942
9536527,,ãT$âL$ËˇˇˇãL$9ÀuÂÉÌÖÌªã\$Îç¥&,-1928838261
-1064960176,âSÁÉƒL[^_]√«CˇˇˇˇÈyˇˇˇçv,Ë§˛ˇˇãCçPˇÖ¿âSuÁÈHˇˇˇfêWâ«ãAVâ÷SâÀÖ¿x9¬èà,695303622
-1983871504,C~%ˆCuÉËâCâ⁄∏ ,«Ë2˛ˇˇÉÓuÓãCçPˇÖ¿âS~â⁄∏ ,7769539
-16235577,ˇˇˇÎ¥ç¥&,ˇˇˇˇtGãiç|$∆D$-çD$ÉÂ 1ˆ∂2É„ﬂ	Îà7É∆É˛uÏçW)¬Ëˇ˛ˇˇã\$ãt$ ã|$$ãl$(Éƒ,√ãi˜≈,-65560
610044927,ãt$ ã|$$ãl$(Éƒ,√ãi˜≈,∆D$ ç|$çD$ÎóçD$â«ÎèêUâÂWVâŒSâ”ÉÏ,â¡ã~âU‹ãVâEÿâ–¡¯˜–!–É¿9¯}â¯É¿É‡Ë®J,536396240
-803090185,É¿9¯}â¯É¿É‡Ë®J,E‡$âFâE‡âœâŸã]‰â»	¯tUâuÿâŒâ<$ât$«D$
,-2097151929
59257024,É√â<$ât$«D$
,ãE‰)ÿ¬Ö“~⁄∆0É√9”uˆ;]‰Ñ9,1451872901
-1454735864,¿,,1979398655
138841071,çPˇÖ¿âV~fêâÚ∏ ,+É√Î©fê®@t£∆ É√Îõçt&,-1983281919
-1911617450,eˇˇˇâ–ÉÍ∆0É√Ö¿âVÓç∂,˛ˇˇç∂,1878557484
266360201,ï¬∂⁄âEÿ∂¬âM–∂ ãUÉ¡É¿BâM‘ç›,˜—#M‰âE‹ãEãU‹ã@âEÃçD
;EÃ}ãEÃÉ¿É‡Ë-H,-2079335323
592,ãEÿâ⁄â„ãM‘àU‰É‡ âE‡Îç¥&,∂E‰É√!çP0Ä˙9~ÿÉ¿7
E‡àCˇÎ–9]‹ÑÔ,416
-1948498549,u‰)ÿ∆Öˆéé,,138775309
134562038,Ö∆,Ëc˘ˇˇ9˛uÔã}‰ãu‹Öˇã]~fê∏ ,-1872313507
-1106754165,˛ˇˇˇøˇˇˇˇ«@ˇˇˇˇÈnˇˇˇç¥&,çCÖ¿Íâã]‰¡¯˜–ç~ˇ!)«çwˇÈPˇˇˇçw˝â«çt&,-14096126
1200488447,˛Ö¿~ﬁâ«ãEã@Ö¿â˚˛ˇˇãUãB%,9˚uˆæ˛ˇˇˇøˇˇˇˇÈÕ˛ˇˇç∂,-27465471
1166802943,ã@Ö¿ÑW˛ˇˇ∆0É√ÈL˛ˇˇãUãRâU‰ãEã]‹Å`ˇ˜ˇˇÈˇ˝ˇˇçv,v,763891648
-1962934271,W9¬ç",Ö∫,-1947762936
-1064971195,Ñ»,,1712609207
-2062560635,,ˇˇãGçPˇÖ¿âW⁄çeÙ[^_]√fê«GˇˇˇˇãE‘Ö¿Ö8ˇˇˇãGˆƒÖ2,1084751872
-13597681,ˇˇâ˙∏ ,,973078518
-1947240994,]Ããu–Öˆãe‘ãGÑEˇˇˇâGçt&,ËÖ¿âGÑ3ˇˇˇãWÈ?˛ˇˇçt&,16408
-1981524595,T$«D$,ˇÖ¿éã˝ˇˇÉËâGÈà˝ˇˇêçt&,1038614528
-1946157067,GçPˇÖ¿âWÁÖˆè˝ˇˇâ˙∏0,˝ˇˇç∂,1717986919
-1104352125,,¡˚¡˙)⁄â”uÌãG 9∆}â∆ãWçF9¬Z«GˇˇˇˇãT$π,1307050438
-1946157060,G âGãGâ¬É‡ Å ¿,ƒ,[^_]√fê)¬âWÎ¶âˆçº',612162344
608471856,0âT$çT$,âT$â$ãD$4âD$ãD$8âD$ãD$<âD$∏,L$,Å˘,-1872329749
1150009993,$(âŸËìıˇˇâ4$Ë;.,âD$çT$(€|$0ãD$0âT$çT$,âT$â$ãD$4âD$ãD$8âD$ãD$<âD$∏,62393380
-402653184,ÚˇˇãL$,Å˘,,-44311
-1950184961,D$(âŸË≤Ùˇˇâ<$ËZ-,,608471816
608471356,∏,â<$Ëa<,0
548985481,,ËâCãD$(âÒâ˙â$Ëî¸ˇˇâ<$Ë<,,-71191
208372735,Î≈«C,é0ˇˇˇ–âCÈ&ˇˇˇçv,16792934
84116495,,,1166632616
965014,,,-1996207221
-1223710627,EñâÛâ˛âMúÅ·,¡ÓÖˇÑÖ,-91680793
-787883471,u´ãM¨9M∞wã]†Ö€uãU®ãJÖ…~êãM∞∆.É¡âM∞ÉˇtçPˇâ˘1€¨Ÿâ–âŒ—ÎÉˆ	ﬁçPˇuÏ1€1ˆÖˇÖ{ˇˇˇãM¨9M∞wãU®ãRÖ“àˇˇˇçW0ÈlˇˇˇÅKÄ,€¨Ÿâ–âŒ—ÎÉˆ	ﬁçPˇuÏ1€1ˆÖˇÖ{ˇˇˇãM¨9M∞wãU®ãRÖ“àˇˇˇçW0ÈlˇˇˇÅKÄ,1468923903
-9639632,ˇˇÅKÄ,˜â–ˆÉÍÖˇyÒfâEñÈ:˛ˇˇçv,1300875653
2056130464,,ÍãE®¡˙¡¯â—)¡Ñ‰,49987871
-779498967,uÍø√ã]òâEò9u†~OãE†)˜Eú,ËÓˇˇãCçPˇÖ¿âSÁãKâM§ˆE§Ätâ⁄∏-,-445284188
10765815,,¿~%ˆCtÉËâCâ⁄∏0,-1879048192
1508432521,Ìˇˇ;u¨Ñç,∞É¿É‡ËΩ:,1971914508
-1979807324,œæâ⁄É∆ËﬁÏˇˇ9˛uÔãu§ãe∞Èvˇˇˇâ⁄∏0,ÁãCâ⁄É‡ É»PË¶ÏˇˇãE®ãMòKâŸÅK¿,-1872313507
783866505,,Ë”#,733534857
-402653184,ÏˇˇÈJ˛ˇˇâ⁄∏.,ˇˇ›ÿâŸ∫¿ì@,-1468691556
-2053354101,ˆâM§~4∆E÷.çU◊∆0É¬âU∞È ¸ˇˇ«Eò,¿È…˙ˇˇÄÂãU¨tÀÎ¬êç¥&,140
-584842041,ì@,$à,241
-2145086325,,«D$Hˇˇˇˇ«D$DˇˇˇˇâD$âL$@∂UâŸ«D$,-1601827071
-2097152000,¯9è,ãT$ãÖ“âT$à,264275201
-50043,ˇãD$TÉƒl[^_]√ËJ4,$ïÙì@,788
608994048,@âÈ∂U,$Ë£3,1009011853
442,,€<$âﬂçD$<Ë∫˜ˇˇÈ˛ˇˇêçt&,120
874792135,,ãT$TÑ,255861828
178052,,Ñ≥,1009011853
874796171,ËgÍˇˇÈÙ¸ˇˇfê∂Qæ,æ,608472543
-189077444,ˇˇÈá¸ˇˇêçt&,W¸ˇˇêçt&,64783375
2088960000,$â◊Ñ,ˇˇÅL$@,0
-2062551419,b¸ˇˇÅL$@,¬˚ˇˇêçt&,-940996153
1582148,,R˚ˇˇêçt&,1150148489
434650148,ÚˇˇÈ∆˙ˇˇçt&,Hˇˇˇˇãç_∫,1603078109
607968008,âﬂçD$<ËÙˇˇÈN˙ˇˇ∂QÄ˙6ÑN,,116100
605849856,â˜Ë/,,-425495
-2096657409,«â¡¡˘âD$0âL$4È`¸ˇˇæ,ˇãT$ÉË0â∂QâÈÈÅ˘ˇˇããWÉ«âD$0âT$4È¸ˇˇãã_É«âL$0â\$4È˘¸ˇˇ∂Qæ,610044208
-50730700,ˇˇ∂Qæ,$,-118757096
112918527,,g¯ˇˇâÉ«È]¯ˇˇøD$0â◊â¡¡˘âD$0âL$4È:˚ˇˇ∑L$0â◊«D$4,608995584
-65410768,ˇˇª»ì@,‰˚ˇˇâ—É«¡˘âHÈÁ˜ˇˇæD$0â¬¡˙âD$0âT$4È∆˙ˇˇ∂Qæ,1153893313
136228,,Ïú,-2123881380
7087212,,›ÿ›ÿ›ÿÎ›ÿ›\$8É|$ è†,-259059968
-1962934263,Ñ$ƒ,,957510911
255861884,Ö$,Ã,243147007
8376,, ãÉ¿âÉ¡9√sÚãT$ )—¡˘êçAˇãTÖÖ“Ö¡,1076118727
0,â,$Ëî),,1540917699
-1017290914,ãî$»,√âÿ[^_]√êãå$»,10273921
-1014431744,âÿ[^_]√êçt&,â âL$x¡˙â–1»Å„ˇˇ,-1878664192
-620740459,D$x‹òï@,$ Ÿl$~ŸÓ›Èﬂ‡ûá÷,1083564245
608492800,8Ÿ…⁄Èﬂ‡ûÜŒ,,83886080
292130319,,,76105764
609519652,Ë÷,“Ñß˚ˇˇãT$DT$ Öô˚ˇˇãD$\«Ñ$å,3393
1150009561,$Hÿ¡ÿºï@,Ñc
,-641082911
-612621204,T$xŸl$~ãL$xâL$xÉ¡0€D$xﬁÈŸ…à›·ﬂ‡ûá•,ﬂ‡›ŸûáÜ,-538845751
-1629889056,áV,$~ãD$xâD$xçH0€D$xﬁÈŸ…àÉ∆›·ﬂ‡ûvõ›ÿ›Ÿ›ŸÎ›ÿ›ŸŸÓŸ…⁄Èﬂ‡ûä0,814354334
251658254,Ö*,¥,0
-1071348537,,,-1071334269
16777216,éK	,$å,1344558219
41865273,â–)D$T)D$P)D$LâÑ$å,ËC,1
1735656,,F,9184436
360579072,â,$âL$Ë∞,$\Ö¿Öô,533572
-956301312,D$,æ˜ˇˇêçt&,-667353088
1149488757,$tπ1,,1418318469
-1911601116,7,,-385875968
-1626,ãL$ )L$T«D$`,˘ˇˇêçt&,1152847616
213155364,fâD$|Ÿl$|€\$xŸl$~ãL$xâL$xçA0€D$xÿ àﬁÈŸÓŸ…›·ﬂ‡›Ÿûã∞	,∞	,-1943763831
-654311424,¡ÿÛŸl$|€\$xŸl$~ãL$xâL$xçA0€D$xÿÀàÉ∆ﬁÍŸÓŸ ›‚ﬂ‡›⁄ûz∞uÆ›ÿ›ÿ›ÿãL$ «D$$,∞uÆ›ÿ›ÿ›ÿãL$ «D$$,-1994113911
-402381708,®,,-293072897
184549380,º$¿,å$å,2564
605849856,â≈Ñç,$8â,$âD$Ëk,-1031208960
440,,¿,604277056
1305576,,$ Ë,606370953
1210350731,â\$0ã\$8«Ñ$å,,4203588
-1962934272,D$DÖ¿Ñõ,˘9çFˇÖ¬,-1339782005
-1962934272,AÉ¿9Ñ$¥,ıˇˇ›ÿãD$DÖ¿Ñ‘,-2080374798
239608956,«Ñ$å,â,$âL$ËÕ,-125310523
-656539649,›ÿ›ÿ«D$(,,-1954667412
-2055723964,¿t›ŸâD$x€D$xﬁÈÎ›ÿçH0àãÑ$å,¡Ÿ ›‚ﬂ‡›⁄ûá˘ˇˇﬁ‚Ÿ…›Èﬂ‡ûÜ)ˇˇ›ŸŸÓŸ…⁄Èﬂ‡ûä¨,608487168
36,,)¯9»å∞,-1629429783
-2079390086,,Ö…Ñu,2564
273344512,,∂L$,àÉ∆«D$,609496063
612681544,å,,606356679
16,Îâ∆Ä~ˇ0çFˇtıãT$ É¬âT$(ÈæÓˇˇãD$HÖ¿Ñ‘ÌˇˇãD$pÖ¿éÓˇˇŸ¿ãT$pÿ¥ï@,ˇˇŸ¿ãT$pÿ¥ï@,-3424
-1996208245,$ËÂ,$Ës,-1958730660
-1960303500,\$LÑœ,àãL$ «D$$ ,-201266864
-1048313857,ÈııˇˇÉ},,-1992751418
29787095,π9,ã\$$tøÉD$,«D$$ ,69485705
1174504,,«D$$,612140031
-225887956,â\$@ãt$(ã\$LÑˇˇˇÖˇéã,<$«D$,-2062548993
-190,ˆD$,Ñ7ˇˇˇêÈˇˇˇãL$pâL$HÈâÛˇˇÉ},ˇˇÉ}«D$$,-214308536
-1869545473,êêêêêêêêêêêêÉÏLãT$XãD$TÖ“fâD$,uf=ˇ,L√ç¥&,-953936759
3941444,,ÉƒL√êçt&,140292
1038614528,,$ËÚ˛ˇˇã\$ ãt$$ã|$(Éƒ,√fêç\$Îñçv,4
610044672,P«$,1Ìã,1815675590
779507748,ãD$â|$âD$∑â$âD$Ë1˛ˇˇÖ¿ŒΩˇˇˇˇÉƒ<âË[^_]√â˜ãD$Tâ8Éƒ<âË[^_]√ãD$TÉÌ«,Tâ8Éƒ<âË[^_]√ãD$TÉÌ«,-1872358165
2088813825,-,Äâ›ç∂,89988
-955872512,,,69485767
8,â$Ëà,,608487168
524,,T$P«D$,1760100352
-2080374785,ƒ41¿[^√êçt&,ã\$@ât$4ãt$Lâ|$8f«D$.,608487168
11780,,ãD$DâT$âD$Ëÿ˝ˇˇã\$0ãt$4ã|$8Éƒ<√ç\$.ÎÑfêæP∞@,0
1398167381,ÉÏLãD$lã\$`ãt$dã|$hÖ¿âD$,Ñ–,«D$.,1948787780
-2062644362,…tpÖ€ÑÅ,â4$âD$ãD$$âD$ãD$,âD$â¯)ËâD$ËÂ¸ˇˇÖ¿¡Ö¿u
9˝s«,1287947008
1583081609,_]√ÉƒL1Ì[âË^_]√«D$,T∞@,ãl$,Îçv,-60889052
-1064960001, ÉƒLâ˝[âË^_]√â›Ètˇˇˇç¥&,«D$,-611990903
1149972084,$Dât$â\$âT$âD$ãD$@âD$çD$.â$Ë∆˚ˇˇÉƒ4[^√ªX∞@,êêêêêêêêêS1€ÉÏãL$ É˘v∏,79725336
-1265777829,&,∂É¬É¡Ñ€àuÒÖˆtâÉƒ[^√ç¥&,143254227
-2096869239,ËâD$È!,\$tçrˇât$@ãt$pÉ¬çLëÉ≈âL$8ã\ìãDñ1“âŸÉ¡˜ÒÖ¿âD$<âD$HÑÎ,-2079373276
235,ãD$D1ˆ1ˇâl$$âÒâ˚âl$L«D$(,<«D$4,1949031217
2082156580,$4+t$(|$,«D$,,ãl$LÉ¬ã|ëÖˇu9çë9D$Ds%ã4ëÖˆuãL$DãT$@ÎãÖ€u
ÉËÉÍ9¡râT$@ãt$@ã\$pâsãL$tã\$pâL$â$ËΩ,-260914887
1076122761,ãt$@ã\$pâsãL$tã\$pâL$â$ËΩ,$(É∆âL$$1…ât$HãD$(1ˇ1“ãl$$ã0É¿âD$(ãE,608472017
80053032,É·9D$8âl$$s≈ãT$@ãL$pÉ¬ã|ëÖˇu;çë9D$Ds'ã4ëÖˆu ãL$DãT$@ÎfêãÖ€u
ÉËÉÍ9¡râT$@ãt$@ã\$pâsãD$HÉƒ\[^_]√êêêêêSâ√ÉÏã†π@,DãT$@ÎfêãÖ€u
ÉËÉÍ9¡râT$@ãt$@ã\$pâsãD$HÉƒ\[^_]√êêêêêSâ√ÉÏã†π@,-1869574000
-2084337325,Ïã†π@,ƒ[√«D$,883688
82608896,«$ n@,Öyˇˇˇ«†π@,604276992
849896,,…,610044192
612141328,Ë¶˛ˇˇÉ˛	ãµ`∞@,¡‡â$Ë-,2089488420
-998041564,√ã Ä@,£ Ä@,-998042743
-1981195512,˛ˇˇÉƒ[Èà
,âD$ãD$Hâ«â≈ãD$D¡˝â˛âÔâÕâŸâ¬¡˙âD$âT$êã©ã\$Øÿ˜d$⁄˙â◊â˛1ˇâ©É≈9l$⁄â˝â˜âÈ	Òt!ãD$@ãL$;H}#ãL$ãD$@â|àâœÉ«âxãD$@Éƒ,[^_]√çv,-637464540
-99487743,â◊â˛1ˇâ©É≈9l$⁄â˝â˜âÈ	Òt!ãD$@ãL$;H}#ãL$ãD$@â|àâœÉ«âxãD$@Éƒ,[^_]√çv,àâœÉ«âxãD$@Éƒ,[^_]√çv,-1962131315
76091473,$çï,,0
1398167381,ÉÏ\ãt$pãL$tãnãY9›}âËâ›â√ââŒâ¡ç|,âL$â$Ë|˝ˇˇãL$Ö¿âD$@Ñˇ,2089488755
13060132,,$,ã/É«â|$,ÖÌtHãL$41ˆ1ˇã\$Dã˜ÂâD$ãâT$1“D$T$t$|$É√ã|$ãT$â˛1ˇâÉ¡9\$0w∆â1ã|$,ÉD$49|$8wòãt$<Öˆ~3ã|$LãD$@ã∏Ö€u$ãD$<ã|$HãT$<˜ÿçáÎãLê¸Ö…uÉÍuÛâT$<ã|$<ãD$@âxãD$@Éƒ\[^_]√êUWVSÉÏã\$4ã|$0âÿÉ‡uz¡˚Ö€tDã5π@,2081493028
-1014819804,ã|$ãT$â˛1ˇâÉ¡9\$0w∆â1ã|$,ÉD$49|$8wòãt$<Öˆ~3ã|$LãD$@ã∏Ö€u$ãD$<ã|$HãT$<˜ÿçáÎãLê¸Ö…uÉÍuÛâT$<ã|$<ãD$@âxãD$@Éƒ\[^_]√êUWVSÉÏã\$4ã|$0âÿÉ‡uz¡˚Ö€tDã5π@,$LãD$@ã∏Ö€u$ãD$<ã|$HãT$<˜ÿçáÎãLê¸Ö…uÉÍuÛâT$<ã|$<ãD$@âxãD$@Éƒ\[^_]√êUWVSÉÏã\$4ã|$0âÿÉ‡uz¡˚Ö€tDã5π@,1076118667
-1961854839,D$@Éƒ\[^_]√êUWVSÉÏã\$4ã|$0âÿÉ‡uz¡˚Ö€tDã5π@,È±,1979437567
482640851,â¯[^_]√êçt&,â<$«D$,-1983871489
1946585541,‡«,Ëd˝ˇˇÖ¿â∆£π@,1149880201
1166747684,É«9«~çt&,ê,611592669
-1946799836,∂L$ ”„∂L$$	Ûâã2É¬É¿”Ó9’w‡Öˆãl$,â0tã|$(É«ãD$ÉÔâxâ,$Ë*˚ˇˇãD$Éƒ<[^_]√ã
É¬âÉ¿9”v‘ã
É¬âÉ¿9”w‰ÎƒÉÏât$ãL$ãt$â$â|$ãAãV)–u"ç<ï,ÉÔâxâ,$Ë*˚ˇˇãD$Éƒ<[^_]√ã
É¬âÉ¿9”v‘ã
É¬âÉ¿9”w‰ÎƒÉÏât$ãL$ãt$â$â|$ãAãV)–u"ç<ï,-991173513
-1995641725,t$ãL$ãt$â$â|$ãAãV)–u"ç<ï,ã192u9”rã$ãt$ã|$Éƒ√¿ã$É»ãt$ã|$Éƒ√çt&,0
1398167381,ÉÏ<ã|$Pã\$Tâ<$â\$ËuˇˇˇÉ¯,Ö¿âD$$Ñ4,-712385743
539247753,É«â|$êçt&,â¬âÉ∆9l$ ât$w«ãt$9t$(ã|$ãl$,vAâl$ ãl$(ã1“)»⁄É∆â—1€É·â¬âÉ«9ıw„ã\$ãL$(ãt$ãl$ ˜”ç¡Ëç|ÜÖ“uâË˜ÿçáÉÌã|®¸ÖˇtıãD$$âhãD$$Éƒ<[^_]√«$,-779549498
-511452367,â¬âÉ«9ıw„ã\$ãL$(ãt$ãl$ ˜”ç¡Ëç|ÜÖ“uâË˜ÿçáÉÌã|®¸ÖˇtıãD$$âhãD$$Éƒ<[^_]√«$,ÉÌã|®¸ÖˇtıãD$$âhãD$$Éƒ<[^_]√«$,272680740
1,«@,êêêêêêêêêÉÏ$π ,-1707832572
-1986384755,l$Ω∆É)¡É¯
âKπ,,-1704162549
82805756,â|$â√ÉÎtD∫+,,0
-583209853,D$@«$,¡ÍÅ„ˇˇ,-116790903
-1995159415,Ò”ÎÉ˚…É¡Ö“âXâHuRΩTàÅÓ2,â
ã\$,ãt$0ã|$4ãl$8Éƒ<√çv,-1924651924
-70445420,ˇˇãL$LâU,¬Ñ…àuÒÛ√êêêêêêêêêêêêêêêUWVSÉÏãl$(ãL$,ãUçEâD$â»¡¯9–çä,-801569288
9080079,,L$”Î9◊Üü,136608811
270822539,çG˚¡ËçDÖÖ€âtIÉ¿+D$¡¯ÎD«E,ﬂãT$âÿv‡ãÉ¿â
É¬9«wÚãD$˜–¯¡ËçDÖ+D$¡¯Ö¿âEtºÉƒ[^_]√ãD$Îïç¥&,1583027396
-1950130849,D$Îïç¥&,¬É¿ 9”w[√º…»[√1¿[√êêêˇ%d¡@,-1869610944
-1049090561,@,êˇ%º¡@,-1869610944
-1046731265,@,êˇ%¿¡@,-1042536961
-1869610944,ˇ%H¡@,¡@,-1053022721
-1869610944,ˇ%D¡@,Ö¿âL$â¬â˚â4$âL$â|$u9˛vNâ»â˙˜ˆÉƒâ–1“[^_]√9¯wXΩËÉıu`ãl$9,$Ü„,1618288629
69495947,9,$Ü„,,-242621741
-388761463,âÈ	–ãT$â$â¯âﬂ”‡âÒ”ÔâÈâD$”„âÒ”ÍâÈâ–ãT$	ÿ”‚âT$â˙˜4$â—˜d$9—â√â◊r
9D$s9—uâ◊â√+\$<$â âÈãD$)ÿ˙”Ëâ”âÒÉƒ”„âÈ	ÿ”Í[^_]√êâÀ)Û«â\$â|$ÈˇˇˇêêêêêêêêêêêêêUWVSÉÏãT$<ã\$0ãL$4ã|$8Ö“â\$âŒâ¯u19œá•,˜4$â—˜d$9—â√â◊r
9D$s9—uâ◊â√+\$<$â âÈãD$)ÿ˙”Ëâ”âÒÉƒ”„âÈ	ÿ”Í[^_]√êâÀ)Û«â\$â|$ÈˇˇˇêêêêêêêêêêêêêUWVSÉÏãT$<ã\$0ãL$4ã|$8Ö“â\$âŒâ¯u19œá•,-2081322541
-472703804,âÈ	ÿ”Í[^_]√êâÀ)Û«â\$â|$ÈˇˇˇêêêêêêêêêêêêêUWVSÉÏãT$<ã\$0ãL$4ã|$8Ö“â\$âŒâ¯u19œá•,ãT$<ã\$0ãL$4ã|$8Ö“â\$âŒâ¯u19œá•,-768489335
-1047923209,âÿâœ˜ıÉƒâ˙[^_]√9 whΩ˙É˜Ñ~,”‡	’âŸâD$âÚãD$”Íâ˘”ÊâŸ”Ë	˜ıâ÷â√˜d$9÷rãl$â˘”Â9≈sS9÷uOÉƒ1ˇçCˇâ˙[^_]√Éƒ1ˇ1¿[â˙^_]√fêÉƒâÿâ ˜˜1ˇ[â˙^_]√;D$v
1¿9 ÉXˇˇˇ∏,1976973651
482640719,1ˇçCˇâ˙[^_]√Éƒ1ˇ1¿[â˙^_]√fêÉƒâÿâ ˜˜1ˇ[â˙^_]√;D$v
1¿9 ÉXˇˇˇ∏,
1¿9 ÉXˇˇˇ∏,15302933
-2097151984,	,…√êêêêêêêˇˇˇˇ}@,0
0,,,0
0,,,0
0,,,0
0,,,0
-1,,,0
0,,,0
0,,,0
0,,,0
0,,,0
0,,,0
0,,,0
0,,,0
0,,,0
0,,,0
0,,,0
0,,,0
0,,,0
0,,,0
0,,,0
0,,,0
0,,,0
0,,,0
0,,,0
0,,,0
0,,,0
0,,,0
0,,,0
0,,,0
0,,,0
0,,,0
0,,,0
0,,,0
0,,,0
0,,,0
0,,,0
0,,,0
0,,,0
0,,,0
0,,,0
0,,,0
0,,,7546144
1225400330,ngrese Nombre	,e memory 
,1145128268
757093199,-
,el archivo data.csv
,1869619314
1869488242,mbre
,nto
,774905856
1818317600,ir,ion: ,1768448882
683894,elementos: %d,--Ordenar por nombre
,5194817
4203426,D!@,[^,], %[^,], %[^
]
,757935405
757935405,----------------
,xito
,1701603681
1868963940,r %d bytes at address %p,tion protocol version %d.
,544108393
544500066,size %d.
,ONENT_DIGITS,4213248
4213216,”E@,,4213384
4213584,”E@,,4212179
4212480, H@,,12288
4214809,`O@,<2ZGUD”?,0
0,,A,1117925532
512753664,ƒº÷B,DPÔ‚÷‰KDí’MœÄD,626768392
1689022275,(»
,M20˘HwÇZ<øs›Ou,959329312
12846,GCC: (tdm-1) 4.9.2,) 4.9.2,1685334048
691088749, 4.9.2,,0
0,,,0
0,,,0
0,,,0
0,,,0
0,,,0
0,,,0
0,,,0
0,,,0
0,,,0
0,,,0
0,,,0
0,,,0
0,,,0
0,,,0
